This is pdfTeX, Version 3.141592653-2.6-1.40.26 (TeX Live 2024) (preloaded format=pdflatex 2024.11.6)  7 SEP 2025 17:12
entering extended mode
 restricted \write18 enabled.
 file:line:error style messages enabled.
 %&-line parsing enabled.
**e:/math/mathmodeling_2024/mathmodeling_2024/latex/Êï∞Â≠¶Âª∫Ê®°.tex
(e:/math/mathmodeling_2024/mathmodeling_2024/latex/Êï∞Â≠¶Âª∫Ê®°.tex
LaTeX2e <2023-11-01> patch level 1
L3 programming layer <2024-02-20>
(c:/texlive/2024/texmf-dist/tex/latex/base/article.cls
Document Class: article 2023/05/17 v1.4n Standard LaTeX document class
(c:/texlive/2024/texmf-dist/tex/latex/base/size10.clo
File: size10.clo 2023/05/17 v1.4n Standard LaTeX file (size option)
)
\c@part=\count188
\c@section=\count189
\c@subsection=\count190
\c@subsubsection=\count191
\c@paragraph=\count192
\c@subparagraph=\count193
\c@figure=\count194
\c@table=\count195
\abovecaptionskip=\skip48
\belowcaptionskip=\skip49
\bibindent=\dimen140
) (c:/texlive/2024/texmf-dist/tex/latex/forest/forest.sty
Package: forest 2017/07/14 v2.1.5 Drawing (linguistic) trees
 (c:/texlive/2024/texmf-dist/tex/latex/pgf/frontendlayer/tikz.sty (c:/texlive/2024/texmf-dist/tex/latex/pgf/basiclayer/pgf.sty (c:/texlive/2024/texmf-dist/tex/latex/pgf/utilities/pgfrcs.sty (c:/texlive/2024/texmf-dist/tex/generic/pgf/utilities/pgfutil-common.tex
\pgfutil@everybye=\toks17
\pgfutil@tempdima=\dimen141
\pgfutil@tempdimb=\dimen142
) (c:/texlive/2024/texmf-dist/tex/generic/pgf/utilities/pgfutil-latex.def
\pgfutil@abb=\box51
) (c:/texlive/2024/texmf-dist/tex/generic/pgf/utilities/pgfrcs.code.tex (c:/texlive/2024/texmf-dist/tex/generic/pgf/pgf.revision.tex)
Package: pgfrcs 2023-01-15 v3.1.10 (3.1.10)
))
Package: pgf 2023-01-15 v3.1.10 (3.1.10)
 (c:/texlive/2024/texmf-dist/tex/latex/pgf/basiclayer/pgfcore.sty (c:/texlive/2024/texmf-dist/tex/latex/graphics/graphicx.sty
Package: graphicx 2021/09/16 v1.2d Enhanced LaTeX Graphics (DPC,SPQR)
 (c:/texlive/2024/texmf-dist/tex/latex/graphics/keyval.sty
Package: keyval 2022/05/29 v1.15 key=value parser (DPC)
\KV@toks@=\toks18
) (c:/texlive/2024/texmf-dist/tex/latex/graphics/graphics.sty
Package: graphics 2022/03/10 v1.4e Standard LaTeX Graphics (DPC,SPQR)
 (c:/texlive/2024/texmf-dist/tex/latex/graphics/trig.sty
Package: trig 2021/08/11 v1.11 sin cos tan (DPC)
) (c:/texlive/2024/texmf-dist/tex/latex/graphics-cfg/graphics.cfg
File: graphics.cfg 2016/06/04 v1.11 sample graphics configuration
)
Package graphics Info: Driver file: pdftex.def on input line 107.
 (c:/texlive/2024/texmf-dist/tex/latex/graphics-def/pdftex.def
File: pdftex.def 2022/09/22 v1.2b Graphics/color driver for pdftex
))
\Gin@req@height=\dimen143
\Gin@req@width=\dimen144
) (c:/texlive/2024/texmf-dist/tex/latex/pgf/systemlayer/pgfsys.sty (c:/texlive/2024/texmf-dist/tex/generic/pgf/systemlayer/pgfsys.code.tex
Package: pgfsys 2023-01-15 v3.1.10 (3.1.10)
 (c:/texlive/2024/texmf-dist/tex/generic/pgf/utilities/pgfkeys.code.tex
\pgfkeys@pathtoks=\toks19
\pgfkeys@temptoks=\toks20
 (c:/texlive/2024/texmf-dist/tex/generic/pgf/utilities/pgfkeyslibraryfiltered.code.tex
\pgfkeys@tmptoks=\toks21
))
\pgf@x=\dimen145
\pgf@y=\dimen146
\pgf@xa=\dimen147
\pgf@ya=\dimen148
\pgf@xb=\dimen149
\pgf@yb=\dimen150
\pgf@xc=\dimen151
\pgf@yc=\dimen152
\pgf@xd=\dimen153
\pgf@yd=\dimen154
\w@pgf@writea=\write3
\r@pgf@reada=\read2
\c@pgf@counta=\count196
\c@pgf@countb=\count197
\c@pgf@countc=\count198
\c@pgf@countd=\count199
\t@pgf@toka=\toks22
\t@pgf@tokb=\toks23
\t@pgf@tokc=\toks24
\pgf@sys@id@count=\count266
 (c:/texlive/2024/texmf-dist/tex/generic/pgf/systemlayer/pgf.cfg
File: pgf.cfg 2023-01-15 v3.1.10 (3.1.10)
)
Driver file for pgf: pgfsys-pdftex.def
 (c:/texlive/2024/texmf-dist/tex/generic/pgf/systemlayer/pgfsys-pdftex.def
File: pgfsys-pdftex.def 2023-01-15 v3.1.10 (3.1.10)
 (c:/texlive/2024/texmf-dist/tex/generic/pgf/systemlayer/pgfsys-common-pdf.def
File: pgfsys-common-pdf.def 2023-01-15 v3.1.10 (3.1.10)
))) (c:/texlive/2024/texmf-dist/tex/generic/pgf/systemlayer/pgfsyssoftpath.code.tex
File: pgfsyssoftpath.code.tex 2023-01-15 v3.1.10 (3.1.10)
\pgfsyssoftpath@smallbuffer@items=\count267
\pgfsyssoftpath@bigbuffer@items=\count268
) (c:/texlive/2024/texmf-dist/tex/generic/pgf/systemlayer/pgfsysprotocol.code.tex
File: pgfsysprotocol.code.tex 2023-01-15 v3.1.10 (3.1.10)
)) (c:/texlive/2024/texmf-dist/tex/latex/xcolor/xcolor.sty
Package: xcolor 2023/11/15 v3.01 LaTeX color extensions (UK)
 (c:/texlive/2024/texmf-dist/tex/latex/graphics-cfg/color.cfg
File: color.cfg 2016/01/02 v1.6 sample color configuration
)
Package xcolor Info: Driver file: pdftex.def on input line 274.
 (c:/texlive/2024/texmf-dist/tex/latex/graphics/mathcolor.ltx)
Package xcolor Info: Model `cmy' substituted by `cmy0' on input line 1350.
Package xcolor Info: Model `hsb' substituted by `rgb' on input line 1354.
Package xcolor Info: Model `RGB' extended on input line 1366.
Package xcolor Info: Model `HTML' substituted by `rgb' on input line 1368.
Package xcolor Info: Model `Hsb' substituted by `hsb' on input line 1369.
Package xcolor Info: Model `tHsb' substituted by `hsb' on input line 1370.
Package xcolor Info: Model `HSB' substituted by `hsb' on input line 1371.
Package xcolor Info: Model `Gray' substituted by `gray' on input line 1372.
Package xcolor Info: Model `wave' substituted by `hsb' on input line 1373.
) (c:/texlive/2024/texmf-dist/tex/generic/pgf/basiclayer/pgfcore.code.tex
Package: pgfcore 2023-01-15 v3.1.10 (3.1.10)
 (c:/texlive/2024/texmf-dist/tex/generic/pgf/math/pgfmath.code.tex (c:/texlive/2024/texmf-dist/tex/generic/pgf/math/pgfmathutil.code.tex) (c:/texlive/2024/texmf-dist/tex/generic/pgf/math/pgfmathparser.code.tex
\pgfmath@dimen=\dimen155
\pgfmath@count=\count269
\pgfmath@box=\box52
\pgfmath@toks=\toks25
\pgfmath@stack@operand=\toks26
\pgfmath@stack@operation=\toks27
) (c:/texlive/2024/texmf-dist/tex/generic/pgf/math/pgfmathfunctions.code.tex) (c:/texlive/2024/texmf-dist/tex/generic/pgf/math/pgfmathfunctions.basic.code.tex) (c:/texlive/2024/texmf-dist/tex/generic/pgf/math/pgfmathfunctions.trigonometric.code.tex) (c:/texlive/2024/texmf-dist/tex/generic/pgf/math/pgfmathfunctions.random.code.tex) (c:/texlive/2024/texmf-dist/tex/generic/pgf/math/pgfmathfunctions.comparison.code.tex) (c:/texlive/2024/texmf-dist/tex/generic/pgf/math/pgfmathfunctions.base.code.tex) (c:/texlive/2024/texmf-dist/tex/generic/pgf/math/pgfmathfunctions.round.code.tex) (c:/texlive/2024/texmf-dist/tex/generic/pgf/math/pgfmathfunctions.misc.code.tex) (c:/texlive/2024/texmf-dist/tex/generic/pgf/math/pgfmathfunctions.integerarithmetics.code.tex) (c:/texlive/2024/texmf-dist/tex/generic/pgf/math/pgfmathcalc.code.tex) (c:/texlive/2024/texmf-dist/tex/generic/pgf/math/pgfmathfloat.code.tex
\c@pgfmathroundto@lastzeros=\count270
)) (c:/texlive/2024/texmf-dist/tex/generic/pgf/math/pgfint.code.tex) (c:/texlive/2024/texmf-dist/tex/generic/pgf/basiclayer/pgfcorepoints.code.tex
File: pgfcorepoints.code.tex 2023-01-15 v3.1.10 (3.1.10)
\pgf@picminx=\dimen156
\pgf@picmaxx=\dimen157
\pgf@picminy=\dimen158
\pgf@picmaxy=\dimen159
\pgf@pathminx=\dimen160
\pgf@pathmaxx=\dimen161
\pgf@pathminy=\dimen162
\pgf@pathmaxy=\dimen163
\pgf@xx=\dimen164
\pgf@xy=\dimen165
\pgf@yx=\dimen166
\pgf@yy=\dimen167
\pgf@zx=\dimen168
\pgf@zy=\dimen169
) (c:/texlive/2024/texmf-dist/tex/generic/pgf/basiclayer/pgfcorepathconstruct.code.tex
File: pgfcorepathconstruct.code.tex 2023-01-15 v3.1.10 (3.1.10)
\pgf@path@lastx=\dimen170
\pgf@path@lasty=\dimen171
) (c:/texlive/2024/texmf-dist/tex/generic/pgf/basiclayer/pgfcorepathusage.code.tex
File: pgfcorepathusage.code.tex 2023-01-15 v3.1.10 (3.1.10)
\pgf@shorten@end@additional=\dimen172
\pgf@shorten@start@additional=\dimen173
) (c:/texlive/2024/texmf-dist/tex/generic/pgf/basiclayer/pgfcorescopes.code.tex
File: pgfcorescopes.code.tex 2023-01-15 v3.1.10 (3.1.10)
\pgfpic=\box53
\pgf@hbox=\box54
\pgf@layerbox@main=\box55
\pgf@picture@serial@count=\count271
) (c:/texlive/2024/texmf-dist/tex/generic/pgf/basiclayer/pgfcoregraphicstate.code.tex
File: pgfcoregraphicstate.code.tex 2023-01-15 v3.1.10 (3.1.10)
\pgflinewidth=\dimen174
) (c:/texlive/2024/texmf-dist/tex/generic/pgf/basiclayer/pgfcoretransformations.code.tex
File: pgfcoretransformations.code.tex 2023-01-15 v3.1.10 (3.1.10)
\pgf@pt@x=\dimen175
\pgf@pt@y=\dimen176
\pgf@pt@temp=\dimen177
) (c:/texlive/2024/texmf-dist/tex/generic/pgf/basiclayer/pgfcorequick.code.tex
File: pgfcorequick.code.tex 2023-01-15 v3.1.10 (3.1.10)
) (c:/texlive/2024/texmf-dist/tex/generic/pgf/basiclayer/pgfcoreobjects.code.tex
File: pgfcoreobjects.code.tex 2023-01-15 v3.1.10 (3.1.10)
) (c:/texlive/2024/texmf-dist/tex/generic/pgf/basiclayer/pgfcorepathprocessing.code.tex
File: pgfcorepathprocessing.code.tex 2023-01-15 v3.1.10 (3.1.10)
) (c:/texlive/2024/texmf-dist/tex/generic/pgf/basiclayer/pgfcorearrows.code.tex
File: pgfcorearrows.code.tex 2023-01-15 v3.1.10 (3.1.10)
\pgfarrowsep=\dimen178
) (c:/texlive/2024/texmf-dist/tex/generic/pgf/basiclayer/pgfcoreshade.code.tex
File: pgfcoreshade.code.tex 2023-01-15 v3.1.10 (3.1.10)
\pgf@max=\dimen179
\pgf@sys@shading@range@num=\count272
\pgf@shadingcount=\count273
) (c:/texlive/2024/texmf-dist/tex/generic/pgf/basiclayer/pgfcoreimage.code.tex
File: pgfcoreimage.code.tex 2023-01-15 v3.1.10 (3.1.10)
) (c:/texlive/2024/texmf-dist/tex/generic/pgf/basiclayer/pgfcoreexternal.code.tex
File: pgfcoreexternal.code.tex 2023-01-15 v3.1.10 (3.1.10)
\pgfexternal@startupbox=\box56
) (c:/texlive/2024/texmf-dist/tex/generic/pgf/basiclayer/pgfcorelayers.code.tex
File: pgfcorelayers.code.tex 2023-01-15 v3.1.10 (3.1.10)
) (c:/texlive/2024/texmf-dist/tex/generic/pgf/basiclayer/pgfcoretransparency.code.tex
File: pgfcoretransparency.code.tex 2023-01-15 v3.1.10 (3.1.10)
) (c:/texlive/2024/texmf-dist/tex/generic/pgf/basiclayer/pgfcorepatterns.code.tex
File: pgfcorepatterns.code.tex 2023-01-15 v3.1.10 (3.1.10)
) (c:/texlive/2024/texmf-dist/tex/generic/pgf/basiclayer/pgfcorerdf.code.tex
File: pgfcorerdf.code.tex 2023-01-15 v3.1.10 (3.1.10)
))) (c:/texlive/2024/texmf-dist/tex/generic/pgf/modules/pgfmoduleshapes.code.tex
File: pgfmoduleshapes.code.tex 2023-01-15 v3.1.10 (3.1.10)
\pgfnodeparttextbox=\box57
) (c:/texlive/2024/texmf-dist/tex/generic/pgf/modules/pgfmoduleplot.code.tex
File: pgfmoduleplot.code.tex 2023-01-15 v3.1.10 (3.1.10)
) (c:/texlive/2024/texmf-dist/tex/latex/pgf/compatibility/pgfcomp-version-0-65.sty
Package: pgfcomp-version-0-65 2023-01-15 v3.1.10 (3.1.10)
\pgf@nodesepstart=\dimen180
\pgf@nodesepend=\dimen181
) (c:/texlive/2024/texmf-dist/tex/latex/pgf/compatibility/pgfcomp-version-1-18.sty
Package: pgfcomp-version-1-18 2023-01-15 v3.1.10 (3.1.10)
)) (c:/texlive/2024/texmf-dist/tex/latex/pgf/utilities/pgffor.sty (c:/texlive/2024/texmf-dist/tex/latex/pgf/utilities/pgfkeys.sty (c:/texlive/2024/texmf-dist/tex/generic/pgf/utilities/pgfkeys.code.tex)) (c:/texlive/2024/texmf-dist/tex/latex/pgf/math/pgfmath.sty (c:/texlive/2024/texmf-dist/tex/generic/pgf/math/pgfmath.code.tex)) (c:/texlive/2024/texmf-dist/tex/generic/pgf/utilities/pgffor.code.tex
Package: pgffor 2023-01-15 v3.1.10 (3.1.10)
\pgffor@iter=\dimen182
\pgffor@skip=\dimen183
\pgffor@stack=\toks28
\pgffor@toks=\toks29
)) (c:/texlive/2024/texmf-dist/tex/generic/pgf/frontendlayer/tikz/tikz.code.tex
Package: tikz 2023-01-15 v3.1.10 (3.1.10)
 (c:/texlive/2024/texmf-dist/tex/generic/pgf/libraries/pgflibraryplothandlers.code.tex
File: pgflibraryplothandlers.code.tex 2023-01-15 v3.1.10 (3.1.10)
\pgf@plot@mark@count=\count274
\pgfplotmarksize=\dimen184
)
\tikz@lastx=\dimen185
\tikz@lasty=\dimen186
\tikz@lastxsaved=\dimen187
\tikz@lastysaved=\dimen188
\tikz@lastmovetox=\dimen189
\tikz@lastmovetoy=\dimen190
\tikzleveldistance=\dimen191
\tikzsiblingdistance=\dimen192
\tikz@figbox=\box58
\tikz@figbox@bg=\box59
\tikz@tempbox=\box60
\tikz@tempbox@bg=\box61
\tikztreelevel=\count275
\tikznumberofchildren=\count276
\tikznumberofcurrentchild=\count277
\tikz@fig@count=\count278
 (c:/texlive/2024/texmf-dist/tex/generic/pgf/modules/pgfmodulematrix.code.tex
File: pgfmodulematrix.code.tex 2023-01-15 v3.1.10 (3.1.10)
\pgfmatrixcurrentrow=\count279
\pgfmatrixcurrentcolumn=\count280
\pgf@matrix@numberofcolumns=\count281
)
\tikz@expandcount=\count282
 (c:/texlive/2024/texmf-dist/tex/generic/pgf/frontendlayer/tikz/libraries/tikzlibrarytopaths.code.tex
File: tikzlibrarytopaths.code.tex 2023-01-15 v3.1.10 (3.1.10)
))) (c:/texlive/2024/texmf-dist/tex/generic/pgf/frontendlayer/tikz/libraries/tikzlibraryshapes.code.tex
File: tikzlibraryshapes.code.tex 2023-01-15 v3.1.10 (3.1.10)
 (c:/texlive/2024/texmf-dist/tex/generic/pgf/frontendlayer/tikz/libraries/tikzlibraryshapes.geometric.code.tex
File: tikzlibraryshapes.geometric.code.tex 2023-01-15 v3.1.10 (3.1.10)
 (c:/texlive/2024/texmf-dist/tex/generic/pgf/libraries/shapes/pgflibraryshapes.geometric.code.tex
File: pgflibraryshapes.geometric.code.tex 2023-01-15 v3.1.10 (3.1.10)
)) (c:/texlive/2024/texmf-dist/tex/generic/pgf/frontendlayer/tikz/libraries/tikzlibraryshapes.misc.code.tex
File: tikzlibraryshapes.misc.code.tex 2023-01-15 v3.1.10 (3.1.10)
 (c:/texlive/2024/texmf-dist/tex/generic/pgf/libraries/shapes/pgflibraryshapes.misc.code.tex
File: pgflibraryshapes.misc.code.tex 2023-01-15 v3.1.10 (3.1.10)
)) (c:/texlive/2024/texmf-dist/tex/generic/pgf/frontendlayer/tikz/libraries/tikzlibraryshapes.symbols.code.tex
File: tikzlibraryshapes.symbols.code.tex 2023-01-15 v3.1.10 (3.1.10)
 (c:/texlive/2024/texmf-dist/tex/generic/pgf/libraries/shapes/pgflibraryshapes.symbols.code.tex
File: pgflibraryshapes.symbols.code.tex 2023-01-15 v3.1.10 (3.1.10)
)) (c:/texlive/2024/texmf-dist/tex/generic/pgf/frontendlayer/tikz/libraries/tikzlibraryshapes.arrows.code.tex
File: tikzlibraryshapes.arrows.code.tex 2023-01-15 v3.1.10 (3.1.10)
 (c:/texlive/2024/texmf-dist/tex/generic/pgf/libraries/shapes/pgflibraryshapes.arrows.code.tex
File: pgflibraryshapes.arrows.code.tex 2023-01-15 v3.1.10 (3.1.10)
)) (c:/texlive/2024/texmf-dist/tex/generic/pgf/frontendlayer/tikz/libraries/tikzlibraryshapes.callouts.code.tex (c:/texlive/2024/texmf-dist/tex/generic/pgf/libraries/shapes/pgflibraryshapes.callouts.code.tex)) (c:/texlive/2024/texmf-dist/tex/generic/pgf/frontendlayer/tikz/libraries/tikzlibraryshapes.multipart.code.tex
File: tikzlibraryshapes.multipart.code.tex 2023-01-15 v3.1.10 (3.1.10)
 (c:/texlive/2024/texmf-dist/tex/generic/pgf/libraries/shapes/pgflibraryshapes.multipart.code.tex
File: pgflibraryshapes.multipart.code.tex 2023-01-15 v3.1.10 (3.1.10)
\pgfnodepartlowerbox=\box62
\pgfnodeparttwobox=\box63
\pgfnodepartthreebox=\box64
\pgfnodepartfourbox=\box65
\pgfnodeparttwentybox=\box66
\pgfnodepartnineteenbox=\box67
\pgfnodeparteighteenbox=\box68
\pgfnodepartseventeenbox=\box69
\pgfnodepartsixteenbox=\box70
\pgfnodepartfifteenbox=\box71
\pgfnodepartfourteenbox=\box72
\pgfnodepartthirteenbox=\box73
\pgfnodeparttwelvebox=\box74
\pgfnodepartelevenbox=\box75
\pgfnodeparttenbox=\box76
\pgfnodepartninebox=\box77
\pgfnodeparteightbox=\box78
\pgfnodepartsevenbox=\box79
\pgfnodepartsixbox=\box80
\pgfnodepartfivebox=\box81
))) (c:/texlive/2024/texmf-dist/tex/generic/pgf/frontendlayer/tikz/libraries/tikzlibraryfit.code.tex
File: tikzlibraryfit.code.tex 2023-01-15 v3.1.10 (3.1.10)
) (c:/texlive/2024/texmf-dist/tex/generic/pgf/frontendlayer/tikz/libraries/tikzlibrarycalc.code.tex
File: tikzlibrarycalc.code.tex 2023-01-15 v3.1.10 (3.1.10)
) (c:/texlive/2024/texmf-dist/tex/generic/pgf/libraries/pgflibraryintersections.code.tex (c:/texlive/2024/texmf-dist/tex/generic/pgf/libraries/pgflibraryfpu.code.tex)
\pgf@intersect@solutions=\count283
) (c:/texlive/2024/texmf-dist/tex/latex/pgfopts/pgfopts.sty
Package: pgfopts 2014/07/10 v2.1a LaTeX package options with pgfkeys
\pgfopts@list@add@a@toks=\toks30
\pgfopts@list@add@b@toks=\toks31
) (c:/texlive/2024/texmf-dist/tex/latex/etoolbox/etoolbox.sty
Package: etoolbox 2020/10/05 v2.5k e-TeX tools for LaTeX (JAW)
\etb@tempcnta=\count284
) (c:/texlive/2024/texmf-dist/tex/latex/elocalloc/elocalloc.sty
Package: elocalloc 2016/12/15 v0.03 local allocation for LaTeX 2015+ (DPC)
) (c:/texlive/2024/texmf-dist/tex/latex/environ/environ.sty
Package: environ 2014/05/04 v0.3 A new way to define environments
 (c:/texlive/2024/texmf-dist/tex/latex/trimspaces/trimspaces.sty
Package: trimspaces 2009/09/17 v1.1 Trim spaces around a token list
)
\@envbody=\toks32
) (c:/texlive/2024/texmf-dist/tex/latex/l3packages/xparse/xparse.sty (c:/texlive/2024/texmf-dist/tex/latex/l3kernel/expl3.sty
Package: expl3 2024-02-20 L3 programming layer (loader) 
 (c:/texlive/2024/texmf-dist/tex/latex/l3backend/l3backend-pdftex.def
File: l3backend-pdftex.def 2024-02-20 L3 backend support: PDF output (pdfTeX)
\l__color_backend_stack_int=\count285
\l__pdf_internal_box=\box82
))
Package: xparse 2024-02-18 L3 Experimental document command parser
) (c:/texlive/2024/texmf-dist/tex/latex/inlinedef/inlinedef.sty
Package: inlinedef 2008/07/10 v1.0 Inlined expansions within definitions
\ID@toks=\toks33
\ID@count=\count286
)
\ID@usercommands=\toks34
\safeloop@depth=\count287
\safeRKloop@depth=\count288
\forest@temp@dimen=\dimen193
\forest@temp@count=\count289
\forest@n=\count290
\forest@temp@global@count=\count291
\forest@temp@toks=\toks35
\forest@temparray@M=\count292
\forest@temparray@N=\count293
\forest@global@temparray@M=\count294
\forest@global@temparray@N=\count295
\forest@isnum@count=\count296
\forest@isdim@nonintpart=\count297
\forest@isdim@dimen=\dimen194
\forest@sort@m=\count298
\forest@sort@k=\count299
\forest@sort@p=\count300
\bracket@content=\toks36
\bracket@afterthought=\toks37
\forest@node@maxid=\count301
\forest@process@left@M=\count302
\forest@process@left@N=\count303
\forest@process@right@M=\count304
\forest@process@right@N=\count305
\forest@process@saved@M=\count306
\forest@process@saved@N=\count307
\forest@process@result@M=\count308
\forest@process@result@N=\count309
\forest@process@n=\count310
\forest@nodewalk@branch@toks=\toks38
\forest@nodewalk@shortsteps@resolution=\toks39
\forest@do@dynamics=\toks40
\forest@box=\box83
\forest@xg=\dimen195
\forest@yg=\dimen196
\forest@xs=\dimen197
\forest@ys=\dimen198
\forest@pi@toks=\toks41
\forest@segment@toks=\toks42
\forest@PIi@toks=\toks43
\forest@PIii@toks=\toks44
\forest@copy@in=\read3
\forest@copy@out=\write4
\forest@externalize@max@outer@n=\count311
\forest@externalize@inner@n=\count312
) (c:/texlive/2024/texmf-dist/tex/latex/ctex/ctex.sty
Package: ctex 2022/07/14 v2.5.10 Chinese adapter in LaTeX (CTEX)
 (c:/texlive/2024/texmf-dist/tex/latex/ctex/ctexhook.sty
Package: ctexhook 2022/07/14 v2.5.10 Document and package hooks (CTEX)
) (c:/texlive/2024/texmf-dist/tex/latex/ctex/ctexpatch.sty
Package: ctexpatch 2022/07/14 v2.5.10 Patching commands (CTEX)
) (c:/texlive/2024/texmf-dist/tex/latex/base/fix-cm.sty
Package: fix-cm 2020/11/24 v1.1t fixes to LaTeX
 (c:/texlive/2024/texmf-dist/tex/latex/base/ts1enc.def
File: ts1enc.def 2001/06/05 v3.0e (jk/car/fm) Standard LaTeX file
LaTeX Font Info:    Redeclaring font encoding TS1 on input line 47.
))
\l__ctex_tmp_int=\count313
\l__ctex_tmp_box=\box84
\l__ctex_tmp_dim=\dimen199
\g__ctex_section_depth_int=\count314
\g__ctex_font_size_int=\count315
 (c:/texlive/2024/texmf-dist/tex/latex/ctex/config/ctexopts.cfg
File: ctexopts.cfg 2022/07/14 v2.5.10 Option configuration file (CTEX)
)

Package ctex Warning: UTF8 will be used as the default encoding.

(c:/texlive/2024/texmf-dist/tex/latex/ctex/engine/ctex-engine-pdftex.def
File: ctex-engine-pdftex.def 2022/07/14 v2.5.10 (pdf)LaTeX adapter (CTEX)
 (c:/texlive/2024/texmf-dist/tex/latex/cjk/texinput/CJKutf8.sty
Package: CJKutf8 2021/10/16 4.8.5
 (c:/texlive/2024/texmf-dist/tex/generic/iftex/ifpdf.sty
Package: ifpdf 2019/10/25 v3.4 ifpdf legacy package. Use iftex instead.
 (c:/texlive/2024/texmf-dist/tex/generic/iftex/iftex.sty
Package: iftex 2022/02/03 v1.0f TeX engine tests
)) (c:/texlive/2024/texmf-dist/tex/latex/base/inputenc.sty
Package: inputenc 2021/02/14 v1.3d Input encoding file
\inpenc@prehook=\toks45
\inpenc@posthook=\toks46
) (c:/texlive/2024/texmf-dist/tex/latex/cjk/texinput/CJK.sty
Package: CJK 2021/10/16 4.8.5
 (c:/texlive/2024/texmf-dist/tex/latex/cjk/texinput/mule/MULEenc.sty
Package: MULEenc 2021/10/16 4.8.5
) (c:/texlive/2024/texmf-dist/tex/latex/cjk/texinput/CJK.enc
File: CJK.enc 2021/10/16 4.8.5
Now handling font encoding C00 ...
... no UTF-8 mapping file for font encoding C00
Now handling font encoding C05 ...
... no UTF-8 mapping file for font encoding C05
Now handling font encoding C09 ...
... no UTF-8 mapping file for font encoding C09
Now handling font encoding C10 ...
... no UTF-8 mapping file for font encoding C10
Now handling font encoding C20 ...
... no UTF-8 mapping file for font encoding C20
Now handling font encoding C19 ...
... no UTF-8 mapping file for font encoding C19
Now handling font encoding C40 ...
... no UTF-8 mapping file for font encoding C40
Now handling font encoding C42 ...
... no UTF-8 mapping file for font encoding C42
Now handling font encoding C43 ...
... no UTF-8 mapping file for font encoding C43
Now handling font encoding C50 ...
... no UTF-8 mapping file for font encoding C50
Now handling font encoding C52 ...
... no UTF-8 mapping file for font encoding C52
Now handling font encoding C49 ...
... no UTF-8 mapping file for font encoding C49
Now handling font encoding C60 ...
... no UTF-8 mapping file for font encoding C60
Now handling font encoding C61 ...
... no UTF-8 mapping file for font encoding C61
Now handling font encoding C63 ...
... no UTF-8 mapping file for font encoding C63
Now handling font encoding C64 ...
... no UTF-8 mapping file for font encoding C64
Now handling font encoding C65 ...
... no UTF-8 mapping file for font encoding C65
Now handling font encoding C70 ...
... no UTF-8 mapping file for font encoding C70
Now handling font encoding C31 ...
... no UTF-8 mapping file for font encoding C31
Now handling font encoding C32 ...
... no UTF-8 mapping file for font encoding C32
Now handling font encoding C33 ...
... no UTF-8 mapping file for font encoding C33
Now handling font encoding C34 ...
... no UTF-8 mapping file for font encoding C34
Now handling font encoding C35 ...
... no UTF-8 mapping file for font encoding C35
Now handling font encoding C36 ...
... no UTF-8 mapping file for font encoding C36
Now handling font encoding C37 ...
... no UTF-8 mapping file for font encoding C37
Now handling font encoding C80 ...
... no UTF-8 mapping file for font encoding C80
Now handling font encoding C81 ...
... no UTF-8 mapping file for font encoding C81
Now handling font encoding C01 ...
... no UTF-8 mapping file for font encoding C01
Now handling font encoding C11 ...
... no UTF-8 mapping file for font encoding C11
Now handling font encoding C21 ...
... no UTF-8 mapping file for font encoding C21
Now handling font encoding C41 ...
... no UTF-8 mapping file for font encoding C41
Now handling font encoding C62 ...
... no UTF-8 mapping file for font encoding C62
)
\CJK@indent=\box85
) (c:/texlive/2024/texmf-dist/tex/latex/base/fontenc.sty
Package: fontenc 2021/04/29 v2.0v Standard LaTeX package
)) (c:/texlive/2024/texmf-dist/tex/latex/cjkpunct/CJKpunct.sty
Package: CJKpunct 2016/05/14 4.8.4
\CJKpunct@cnta=\count316
\CJKpunct@cntb=\count317
\CJKpunct@cntc=\count318
\CJKpunct@cntd=\count319
\CJKpunct@cnte=\count320
   defining Unicode char U+2018 (decimal 8216)
   defining Unicode char U+2019 (decimal 8217)
   defining Unicode char U+201C (decimal 8220)
   defining Unicode char U+201D (decimal 8221)
   defining Unicode char U+2014 (decimal 8212)
   defining Unicode char U+2026 (decimal 8230)
 (c:/texlive/2024/texmf-dist/tex/latex/cjkpunct/CJKpunct.spa)) (c:/texlive/2024/texmf-dist/tex/latex/cjk/texinput/CJKspace.sty
Package: CJKspace 2021/10/16 3.8.0
) (c:/texlive/2024/texmf-dist/tex/latex/cjk/texinput/UTF8/UTF8.bdg
File: UTF8.bdg 2021/10/16 4.8.5
) (c:/texlive/2024/texmf-dist/tex/latex/ctex/ctexspa.def
File: ctexspa.def 2022/07/14 v2.5.10 Space info for CJKpunct (CTEX)
)
\ccwd=\dimen256
\l__ctex_ccglue_skip=\skip50
)
\l__ctex_ziju_dim=\dimen257
 (c:/texlive/2024/texmf-dist/tex/latex/zhnumber/zhnumber.sty
Package: zhnumber 2022/07/14 v3.0 Typesetting numbers with Chinese glyphs
\l__zhnum_scale_int=\count321
\l__zhnum_tmp_int=\count322
 (c:/texlive/2024/texmf-dist/tex/latex/zhnumber/zhnumber-utf8.cfg
File: zhnumber-utf8.cfg 2022/07/14 v3.0 Chinese numerals with UTF8 encoding
)) (c:/texlive/2024/texmf-dist/tex/latex/ctex/scheme/ctex-scheme-chinese.def
File: ctex-scheme-chinese.def 2022/07/14 v2.5.10 Chinese scheme for generic (CTEX)
 (c:/texlive/2024/texmf-dist/tex/latex/ctex/config/ctex-name-utf8.cfg
File: ctex-name-utf8.cfg 2022/07/14 v2.5.10 Caption with encoding UTF-8 (CTEX)
)) (c:/texlive/2024/texmf-dist/tex/latex/tools/indentfirst.sty
Package: indentfirst 2023/07/02 v1.03 Indent first paragraph (DPC)
) (c:/texlive/2024/texmf-dist/tex/latex/ctex/ctex-c5size.clo
File: ctex-c5size.clo 2022/07/14 v2.5.10 c5size option (CTEX)
) (c:/texlive/2024/texmf-dist/tex/latex/ctex/fontset/ctex-fontset-windows.def
File: ctex-fontset-windows.def 2022/07/14 v2.5.10 Windows fonts definition (CTEX)
)) (c:/texlive/2024/texmf-dist/tex/latex/ctex/config/ctex.cfg
File: ctex.cfg 2022/07/14 v2.5.10 Configuration file (CTEX)
) (c:/texlive/2024/texmf-dist/tex/latex/amsmath/amsmath.sty
Package: amsmath 2023/05/13 v2.17o AMS math features
\@mathmargin=\skip51

For additional information on amsmath, use the `?' option.
(c:/texlive/2024/texmf-dist/tex/latex/amsmath/amstext.sty
Package: amstext 2021/08/26 v2.01 AMS text
 (c:/texlive/2024/texmf-dist/tex/latex/amsmath/amsgen.sty
File: amsgen.sty 1999/11/30 v2.0 generic functions
\@emptytoks=\toks47
\ex@=\dimen258
)) (c:/texlive/2024/texmf-dist/tex/latex/amsmath/amsbsy.sty
Package: amsbsy 1999/11/29 v1.2d Bold Symbols
\pmbraise@=\dimen259
) (c:/texlive/2024/texmf-dist/tex/latex/amsmath/amsopn.sty
Package: amsopn 2022/04/08 v2.04 operator names
)
\inf@bad=\count323
LaTeX Info: Redefining \frac on input line 234.
\uproot@=\count324
\leftroot@=\count325
LaTeX Info: Redefining \overline on input line 399.
LaTeX Info: Redefining \colon on input line 410.
\classnum@=\count326
\DOTSCASE@=\count327
LaTeX Info: Redefining \ldots on input line 496.
LaTeX Info: Redefining \dots on input line 499.
LaTeX Info: Redefining \cdots on input line 620.
\Mathstrutbox@=\box86
\strutbox@=\box87
LaTeX Info: Redefining \big on input line 722.
LaTeX Info: Redefining \Big on input line 723.
LaTeX Info: Redefining \bigg on input line 724.
LaTeX Info: Redefining \Bigg on input line 725.
\big@size=\dimen260
LaTeX Font Info:    Redeclaring font encoding OML on input line 743.
LaTeX Font Info:    Redeclaring font encoding OMS on input line 744.
\macc@depth=\count328
LaTeX Info: Redefining \bmod on input line 905.
LaTeX Info: Redefining \pmod on input line 910.
LaTeX Info: Redefining \smash on input line 940.
LaTeX Info: Redefining \relbar on input line 970.
LaTeX Info: Redefining \Relbar on input line 971.
\c@MaxMatrixCols=\count329
\dotsspace@=\muskip16
\c@parentequation=\count330
\dspbrk@lvl=\count331
\tag@help=\toks48
\row@=\count332
\column@=\count333
\maxfields@=\count334
\andhelp@=\toks49
\eqnshift@=\dimen261
\alignsep@=\dimen262
\tagshift@=\dimen263
\tagwidth@=\dimen264
\totwidth@=\dimen265
\lineht@=\dimen266
\@envbody=\toks50
\multlinegap=\skip52
\multlinetaggap=\skip53
\mathdisplay@stack=\toks51
LaTeX Info: Redefining \[ on input line 2953.
LaTeX Info: Redefining \] on input line 2954.
) (c:/texlive/2024/texmf-dist/tex/latex/colortbl/colortbl.sty
Package: colortbl 2024/02/20 v1.0g Color table columns (DPC)
 (c:/texlive/2024/texmf-dist/tex/latex/tools/array.sty
Package: array 2023/10/16 v2.5g Tabular extension package (FMi)
\col@sep=\dimen267
\ar@mcellbox=\box88
\extrarowheight=\dimen268
\NC@list=\toks52
\extratabsurround=\skip54
\backup@length=\skip55
\ar@cellbox=\box89
)
\everycr=\toks53
\minrowclearance=\skip56
\rownum=\count335
) (c:/texlive/2024/texmf-dist/tex/latex/geometry/geometry.sty
Package: geometry 2020/01/02 v5.9 Page Geometry
 (c:/texlive/2024/texmf-dist/tex/generic/iftex/ifvtex.sty
Package: ifvtex 2019/10/25 v1.7 ifvtex legacy package. Use iftex instead.
)
\Gm@cnth=\count336
\Gm@cntv=\count337
\c@Gm@tempcnt=\count338
\Gm@bindingoffset=\dimen269
\Gm@wd@mp=\dimen270
\Gm@odd@mp=\dimen271
\Gm@even@mp=\dimen272
\Gm@layoutwidth=\dimen273
\Gm@layoutheight=\dimen274
\Gm@layouthoffset=\dimen275
\Gm@layoutvoffset=\dimen276
\Gm@dimlist=\toks54
) (c:/texlive/2024/texmf-dist/tex/latex/comment/comment.sty
\CommentStream=\write5
 Excluding comment 'comment') (c:/texlive/2024/texmf-dist/tex/latex/listings/listings.sty
\lst@mode=\count339
\lst@gtempboxa=\box90
\lst@token=\toks55
\lst@length=\count340
\lst@currlwidth=\dimen277
\lst@column=\count341
\lst@pos=\count342
\lst@lostspace=\dimen278
\lst@width=\dimen279
\lst@newlines=\count343
\lst@lineno=\count344
\lst@maxwidth=\dimen280
 (c:/texlive/2024/texmf-dist/tex/latex/listings/lstpatch.sty
File: lstpatch.sty 2024/02/21 1.10 (Carsten Heinz)
) (c:/texlive/2024/texmf-dist/tex/latex/listings/lstmisc.sty
File: lstmisc.sty 2024/02/21 1.10 (Carsten Heinz)
\c@lstnumber=\count345
\lst@skipnumbers=\count346
\lst@framebox=\box91
) (c:/texlive/2024/texmf-dist/tex/latex/listings/listings.cfg
File: listings.cfg 2024/02/21 1.10 listings configuration
))
Package: listings 2024/02/21 1.10 (Carsten Heinz)
 (c:/texlive/2024/texmf-dist/tex/latex/hyperref/hyperref.sty
Package: hyperref 2024-01-20 v7.01h Hypertext links for LaTeX
 (c:/texlive/2024/texmf-dist/tex/latex/kvsetkeys/kvsetkeys.sty
Package: kvsetkeys 2022-10-05 v1.19 Key value parser (HO)
) (c:/texlive/2024/texmf-dist/tex/generic/kvdefinekeys/kvdefinekeys.sty
Package: kvdefinekeys 2019-12-19 v1.6 Define keys (HO)
) (c:/texlive/2024/texmf-dist/tex/generic/pdfescape/pdfescape.sty
Package: pdfescape 2019/12/09 v1.15 Implements pdfTeX's escape features (HO)
 (c:/texlive/2024/texmf-dist/tex/generic/ltxcmds/ltxcmds.sty
Package: ltxcmds 2023-12-04 v1.26 LaTeX kernel commands for general use (HO)
) (c:/texlive/2024/texmf-dist/tex/generic/pdftexcmds/pdftexcmds.sty
Package: pdftexcmds 2020-06-27 v0.33 Utility functions of pdfTeX for LuaTeX (HO)
 (c:/texlive/2024/texmf-dist/tex/generic/infwarerr/infwarerr.sty
Package: infwarerr 2019/12/03 v1.5 Providing info/warning/error messages (HO)
)
Package pdftexcmds Info: \pdf@primitive is available.
Package pdftexcmds Info: \pdf@ifprimitive is available.
Package pdftexcmds Info: \pdfdraftmode found.
)) (c:/texlive/2024/texmf-dist/tex/latex/hycolor/hycolor.sty
Package: hycolor 2020-01-27 v1.10 Color options for hyperref/bookmark (HO)
) (c:/texlive/2024/texmf-dist/tex/latex/auxhook/auxhook.sty
Package: auxhook 2019-12-17 v1.6 Hooks for auxiliary files (HO)
) (c:/texlive/2024/texmf-dist/tex/latex/hyperref/nameref.sty
Package: nameref 2023-11-26 v2.56 Cross-referencing by name of section
 (c:/texlive/2024/texmf-dist/tex/latex/refcount/refcount.sty
Package: refcount 2019/12/15 v3.6 Data extraction from label references (HO)
) (c:/texlive/2024/texmf-dist/tex/generic/gettitlestring/gettitlestring.sty
Package: gettitlestring 2019/12/15 v1.6 Cleanup title references (HO)
 (c:/texlive/2024/texmf-dist/tex/latex/kvoptions/kvoptions.sty
Package: kvoptions 2022-06-15 v3.15 Key value format for package options (HO)
))
\c@section@level=\count347
)
\@linkdim=\dimen281
\Hy@linkcounter=\count348
\Hy@pagecounter=\count349
 (c:/texlive/2024/texmf-dist/tex/latex/hyperref/pd1enc.def
File: pd1enc.def 2024-01-20 v7.01h Hyperref: PDFDocEncoding definition (HO)
Now handling font encoding PD1 ...
... no UTF-8 mapping file for font encoding PD1
) (c:/texlive/2024/texmf-dist/tex/generic/intcalc/intcalc.sty
Package: intcalc 2019/12/15 v1.3 Expandable calculations with integers (HO)
)
\Hy@SavedSpaceFactor=\count350
 (c:/texlive/2024/texmf-dist/tex/latex/hyperref/puenc.def
File: puenc.def 2024-01-20 v7.01h Hyperref: PDF Unicode definition (HO)
Now handling font encoding PU ...
... no UTF-8 mapping file for font encoding PU
)
Package hyperref Info: Option `unicode' set `true' on input line 4062.
Package hyperref Info: Hyper figures OFF on input line 4179.
Package hyperref Info: Link nesting OFF on input line 4184.
Package hyperref Info: Hyper index ON on input line 4187.
Package hyperref Info: Plain pages OFF on input line 4194.
Package hyperref Info: Backreferencing OFF on input line 4199.
Package hyperref Info: Implicit mode ON; LaTeX internals redefined.
Package hyperref Info: Bookmarks ON on input line 4446.
\c@Hy@tempcnt=\count351
 (c:/texlive/2024/texmf-dist/tex/latex/url/url.sty
\Urlmuskip=\muskip17
Package: url 2013/09/16  ver 3.4  Verb mode for urls, etc.
)
LaTeX Info: Redefining \url on input line 4784.
\XeTeXLinkMargin=\dimen282
 (c:/texlive/2024/texmf-dist/tex/generic/bitset/bitset.sty
Package: bitset 2019/12/09 v1.3 Handle bit-vector datatype (HO)
 (c:/texlive/2024/texmf-dist/tex/generic/bigintcalc/bigintcalc.sty
Package: bigintcalc 2019/12/15 v1.5 Expandable calculations on big integers (HO)
))
\Fld@menulength=\count352
\Field@Width=\dimen283
\Fld@charsize=\dimen284
Package hyperref Info: Hyper figures OFF on input line 6063.
Package hyperref Info: Link nesting OFF on input line 6068.
Package hyperref Info: Hyper index ON on input line 6071.
Package hyperref Info: backreferencing OFF on input line 6078.
Package hyperref Info: Link coloring OFF on input line 6083.
Package hyperref Info: Link coloring with OCG OFF on input line 6088.
Package hyperref Info: PDF/A mode OFF on input line 6093.
 (c:/texlive/2024/texmf-dist/tex/latex/base/atbegshi-ltx.sty
Package: atbegshi-ltx 2021/01/10 v1.0c Emulation of the original atbegshi
package with kernel methods
)
\Hy@abspage=\count353
\c@Item=\count354
\c@Hfootnote=\count355
)
Package hyperref Info: Driver (autodetected): hpdftex.
 (c:/texlive/2024/texmf-dist/tex/latex/hyperref/hpdftex.def
File: hpdftex.def 2024-01-20 v7.01h Hyperref driver for pdfTeX
 (c:/texlive/2024/texmf-dist/tex/latex/base/atveryend-ltx.sty
Package: atveryend-ltx 2020/08/19 v1.0a Emulation of the original atveryend package
with kernel methods
)
\Fld@listcount=\count356
\c@bookmark@seq@number=\count357
 (c:/texlive/2024/texmf-dist/tex/latex/rerunfilecheck/rerunfilecheck.sty
Package: rerunfilecheck 2022-07-10 v1.10 Rerun checks for auxiliary files (HO)
 (c:/texlive/2024/texmf-dist/tex/generic/uniquecounter/uniquecounter.sty
Package: uniquecounter 2019/12/15 v1.4 Provide unlimited unique counter (HO)
)
Package uniquecounter Info: New unique counter `rerunfilecheck' on input line 285.
)
\Hy@SectionHShift=\skip57
) (c:/texlive/2024/texmf-dist/tex/latex/booktabs/booktabs.sty
Package: booktabs 2020/01/12 v1.61803398 Publication quality tables
\heavyrulewidth=\dimen285
\lightrulewidth=\dimen286
\cmidrulewidth=\dimen287
\belowrulesep=\dimen288
\belowbottomsep=\dimen289
\aboverulesep=\dimen290
\abovetopsep=\dimen291
\cmidrulesep=\dimen292
\cmidrulekern=\dimen293
\defaultaddspace=\dimen294
\@cmidla=\count358
\@cmidlb=\count359
\@aboverulesep=\dimen295
\@belowrulesep=\dimen296
\@thisruleclass=\count360
\@lastruleclass=\count361
\@thisrulewidth=\dimen297
) (c:/texlive/2024/texmf-dist/tex/latex/tools/tabularx.sty
Package: tabularx 2023/07/08 v2.11c `tabularx' package (DPC)
\TX@col@width=\dimen298
\TX@old@table=\dimen299
\TX@old@col=\dimen300
\TX@target=\dimen301
\TX@delta=\dimen302
\TX@cols=\count362
\TX@ftn=\toks56
) (c:/texlive/2024/texmf-dist/tex/latex/wrapfig/wrapfig.sty
\wrapoverhang=\dimen303
\WF@size=\dimen304
\c@WF@wrappedlines=\count363
\WF@box=\box92
\WF@everypar=\toks57
Package: wrapfig 2003/01/31  v 3.6
) (c:/texlive/2024/texmf-dist/tex/latex/caption/caption.sty
Package: caption 2023/08/05 v3.6o Customizing captions (AR)
 (c:/texlive/2024/texmf-dist/tex/latex/caption/caption3.sty
Package: caption3 2023/07/31 v2.4d caption3 kernel (AR)
\caption@tempdima=\dimen305
\captionmargin=\dimen306
\caption@leftmargin=\dimen307
\caption@rightmargin=\dimen308
\caption@width=\dimen309
\caption@indent=\dimen310
\caption@parindent=\dimen311
\caption@hangindent=\dimen312
Package caption Info: Standard document class detected.
)
\c@caption@flags=\count364
\c@continuedfloat=\count365
Package caption Info: hyperref package is loaded.
Package caption Info: listings package is loaded.
Package caption Info: wrapfig package is loaded.
) (c:/texlive/2024/texmf-dist/tex/latex/tools/calc.sty
Package: calc 2023/07/08 v4.3 Infix arithmetic (KKT,FJ)
\calc@Acount=\count366
\calc@Bcount=\count367
\calc@Adimen=\dimen313
\calc@Bdimen=\dimen314
\calc@Askip=\skip58
\calc@Bskip=\skip59
LaTeX Info: Redefining \setlength on input line 80.
LaTeX Info: Redefining \addtolength on input line 81.
\calc@Ccount=\count368
\calc@Cskip=\skip60
) (c:/texlive/2024/texmf-dist/tex/latex/mhchem/mhchem.sty
Package: mhchem 2024/01/29 v4.10 for typesetting chemical formulae
 (c:/texlive/2024/texmf-dist/tex/latex/l3packages/l3keys2e/l3keys2e.sty
Package: l3keys2e 2024-02-18 LaTeX2e option processing using LaTeX3 keys
) (c:/texlive/2024/texmf-dist/tex/latex/chemgreek/chemgreek.sty
Package: chemgreek 2020/01/16 v1.1a interface for upright Greek letters for use in chemistry (CN)
\l__chemgreek_tmpa_int=\count369
\g__chemgreek_tmpa_int=\count370
)
\l__mhchem_ce_distanceFromLastComma_int=\count371
\__mhchem_arrow_extPgfLength_skip=\skip61
\mhchem@minispace@tmp=\skip62
\mhchem@minibackspace@tmp=\skip63
\mhchem@bondwidth=\skip64
\mhchem@bondheight=\skip65
\mhchem@smallbondwidth@tmpA=\skip66
\mhchem@smallbondwidth@tmpB=\skip67
\mhchem@smallbondwidth=\skip68
\mhchem@bondtmp@minussidebearingleft=\skip69
\mhchem@bondtmp@minussidebearingright=\skip70
\l__mhchem_option_version_int=\count372
\mhchem@option@minusmathsidebearingleft=\dimen315
\mhchem@option@minusmathsidebearingright=\dimen316
\mhchem@option@minustextsidebearingleft=\dimen317
\mhchem@option@minustextsidebearingright=\dimen318


Package mhchem Warning: You did not specify a 'version' option for the mhchem
(mhchem)                package. Please write \usepackage[version=4]{mhchem}
(mhchem)                in your preamble (or any lower number for
(mhchem)                compatibility mode), because you might get slightly
(mhchem)                different output with the same input in future versions.

) (c:/texlive/2024/texmf-dist/tex/latex/tocloft/tocloft.sty
Package: tocloft 2017/08/31 v2.3i parameterised ToC, etc., typesetting
Package tocloft Info: The document has section divisions on input line 51.
\cftparskip=\skip71
\cftbeforetoctitleskip=\skip72
\cftaftertoctitleskip=\skip73
\cftbeforepartskip=\skip74
\cftpartnumwidth=\skip75
\cftpartindent=\skip76
\cftbeforesecskip=\skip77
\cftsecindent=\skip78
\cftsecnumwidth=\skip79
\cftbeforesubsecskip=\skip80
\cftsubsecindent=\skip81
\cftsubsecnumwidth=\skip82
\cftbeforesubsubsecskip=\skip83
\cftsubsubsecindent=\skip84
\cftsubsubsecnumwidth=\skip85
\cftbeforeparaskip=\skip86
\cftparaindent=\skip87
\cftparanumwidth=\skip88
\cftbeforesubparaskip=\skip89
\cftsubparaindent=\skip90
\cftsubparanumwidth=\skip91
\cftbeforeloftitleskip=\skip92
\cftafterloftitleskip=\skip93
\cftbeforefigskip=\skip94
\cftfigindent=\skip95
\cftfignumwidth=\skip96
\c@lofdepth=\count373
\c@lotdepth=\count374
\cftbeforelottitleskip=\skip97
\cftafterlottitleskip=\skip98
\cftbeforetabskip=\skip99
\cfttabindent=\skip100
\cfttabnumwidth=\skip101
) (c:/texlive/2024/texmf-dist/tex/latex/titlesec/titlesec.sty
Package: titlesec 2023/10/27 v2.16 Sectioning titles
\ttl@box=\box93
\beforetitleunit=\skip102
\aftertitleunit=\skip103
\ttl@plus=\dimen319
\ttl@minus=\dimen320
\ttl@toksa=\toks58
\titlewidth=\dimen321
\titlewidthlast=\dimen322
\titlewidthfirst=\dimen323
) (c:/texlive/2024/texmf-dist/tex/latex/setspace/setspace.sty
Package: setspace 2022/12/04 v6.7b set line spacing
) (c:/texlive/2024/texmf-dist/tex/latex/fancyhdr/fancyhdr.sty
Package: fancyhdr 2022/11/09 v4.1 Extensive control of page headers and footers
\f@nch@headwidth=\skip104
\f@nch@O@elh=\skip105
\f@nch@O@erh=\skip106
\f@nch@O@olh=\skip107
\f@nch@O@orh=\skip108
\f@nch@O@elf=\skip109
\f@nch@O@erf=\skip110
\f@nch@O@olf=\skip111
\f@nch@O@orf=\skip112
) (c:/texlive/2024/texmf-dist/tex/latex/float/float.sty
Package: float 2001/11/08 v1.3d Float enhancements (AL)
\c@float@type=\count375
\float@exts=\toks59
\float@box=\box94
\@float@everytoks=\toks60
\@floatcapt=\box95
) (c:/texlive/2024/texmf-dist/tex/latex/caption/subcaption.sty
Package: subcaption 2023/07/28 v1.6b Sub-captions (AR)
Package caption Info: New subtype `subfigure' on input line 238.
\c@subfigure=\count376
Package caption Info: New subtype `subtable' on input line 238.
\c@subtable=\count377
) (c:/texlive/2024/texmf-dist/tex/latex/enumitem/enumitem.sty
Package: enumitem 2019/06/20 v3.9 Customized lists
\labelindent=\skip113
\enit@outerparindent=\dimen324
\enit@toks=\toks61
\enit@inbox=\box96
\enit@count@id=\count378
\enitdp@description=\count379
) (c:/texlive/2024/texmf-dist/tex/latex/pdfpages/pdfpages.sty
Package: pdfpages 2024/01/21 v0.5y Insert pages of external PDF documents (AM)
 (c:/texlive/2024/texmf-dist/tex/latex/base/ifthen.sty
Package: ifthen 2022/04/13 v1.1d Standard LaTeX ifthen package (DPC)
) (c:/texlive/2024/texmf-dist/tex/latex/eso-pic/eso-pic.sty
Package: eso-pic 2023/05/03 v3.0c eso-pic (RN)
\ESO@tempdima=\dimen325
\ESO@tempdimb=\dimen326
)
\AM@pagewidth=\dimen327
\AM@pageheight=\dimen328
\AM@fboxrule=\dimen329
 (c:/texlive/2024/texmf-dist/tex/latex/pdfpages/pppdftex.def
File: pppdftex.def 2024/01/21 v0.5y Pdfpages driver for pdfTeX (AM)
)
\pdfpages@includegraphics@status=\count380
\AM@pagebox=\box97
\AM@global@opts=\toks62
\AM@pagecnt=\count381
\AM@toc@title=\toks63
\AM@lof@heading=\toks64
\c@AM@survey=\count382
\AM@templatesizebox=\box98
) (c:/texlive/2024/texmf-dist/tex/latex/lastpage/lastpage.sty
Package: lastpage 2023/10/14 v2.0e lastpage: 2.09 or 2e? (HMM)
 (c:/texlive/2024/texmf-dist/tex/latex/lastpage/lastpage2e.sty
Package: lastpage2e 2023/10/14 v2.0e Decide which 2e lastpage version to use (HMM)
 (c:/texlive/2024/texmf-dist/tex/latex/lastpage/lastpagemodern.sty
Package: lastpagemodern 2023-10-14 v2.0e Refers to last page's name (HMM; JPG)
\c@lastpagecount=\count383
) 
)) (c:/texlive/2024/texmf-dist/tex/latex/textpos/textpos.sty
Package: textpos 2022/07/23 v1.10.1
Package textpos Info: choosing support for LaTeX3 on input line 60.
\TP@textbox=\box99
\TP@holdbox=\box100
\TPHorizModule=\dimen330
\TPVertModule=\dimen331
\TP@margin=\dimen332
\TP@absmargin=\dimen333

Grid set 16 x 16 = 38.39343pt x 49.68562pt
\TPboxrulesize=\dimen334
\TP@ox=\dimen335
\TP@oy=\dimen336
\TP@tbargs=\toks65
TextBlockOrigin set to 0pt x 0pt
) (c:/texlive/2024/texmf-dist/tex/latex/cjk/texinput/UTF8/UTF8.enc
File: UTF8.enc 2021/10/16 4.8.5
) (c:/texlive/2024/texmf-dist/tex/latex/cjk/texinput/UTF8/UTF8.chr
File: UTF8.chr 2021/10/16 4.8.5
) (./Êï∞Â≠¶Âª∫Ê®°.aux

LaTeX Warning: Label `fig:sub1' multiply defined.


LaTeX Warning: Label `sub@fig:sub1' multiply defined.


LaTeX Warning: Label `fig:sub2' multiply defined.


LaTeX Warning: Label `sub@fig:sub2' multiply defined.


LaTeX Warning: Label `fig:two' multiply defined.


LaTeX Warning: Label `fig:single' multiply defined.


LaTeX Warning: Label `fig:single' multiply defined.


LaTeX Warning: Label `fig:single' multiply defined.


LaTeX Warning: Label `tab:crops_booktabs' multiply defined.


LaTeX Warning: Label `fig:single' multiply defined.


LaTeX Warning: Label `tab:crops_booktabs' multiply defined.


LaTeX Warning: Label `tab:crops_booktabs' multiply defined.


LaTeX Warning: Label `fig:single' multiply defined.


LaTeX Warning: Label `fig:single' multiply defined.


LaTeX Warning: Label `fig:single' multiply defined.


LaTeX Warning: Label `fig:single' multiply defined.


LaTeX Warning: Label `fig:single' multiply defined.


LaTeX Warning: Label `tab:crops_booktabs' multiply defined.


LaTeX Warning: Label `tab:crops_booktabs' multiply defined.


LaTeX Warning: Label `fig:single' multiply defined.


LaTeX Warning: Label `tab:crops_booktabs' multiply defined.


LaTeX Warning: Label `fig:single' multiply defined.


LaTeX Warning: Label `fig:single' multiply defined.


LaTeX Warning: Label `tab:crops_booktabs' multiply defined.


LaTeX Warning: Label `fig:single' multiply defined.

)
\openout1 = `Êï∞Â≠¶Âª∫Ê®°.aux'.

LaTeX Font Info:    Checking defaults for OML/cmm/m/it on input line 55.
LaTeX Font Info:    ... okay on input line 55.
LaTeX Font Info:    Checking defaults for OMS/cmsy/m/n on input line 55.
LaTeX Font Info:    ... okay on input line 55.
LaTeX Font Info:    Checking defaults for OT1/cmr/m/n on input line 55.
LaTeX Font Info:    ... okay on input line 55.
LaTeX Font Info:    Checking defaults for T1/cmr/m/n on input line 55.
LaTeX Font Info:    ... okay on input line 55.
LaTeX Font Info:    Checking defaults for TS1/cmr/m/n on input line 55.
LaTeX Font Info:    ... okay on input line 55.
LaTeX Font Info:    Checking defaults for OMX/cmex/m/n on input line 55.
LaTeX Font Info:    ... okay on input line 55.
LaTeX Font Info:    Checking defaults for U/cmr/m/n on input line 55.
LaTeX Font Info:    ... okay on input line 55.
LaTeX Font Info:    Checking defaults for C00/song/m/n on input line 55.
LaTeX Font Info:    ... okay on input line 55.
LaTeX Font Info:    Checking defaults for C05/song/m/n on input line 55.
LaTeX Font Info:    ... okay on input line 55.
LaTeX Font Info:    Checking defaults for C09/song/m/n on input line 55.
LaTeX Font Info:    ... okay on input line 55.
LaTeX Font Info:    Checking defaults for C10/song/m/n on input line 55.
LaTeX Font Info:    ... okay on input line 55.
LaTeX Font Info:    Checking defaults for C20/song/m/n on input line 55.
LaTeX Font Info:    ... okay on input line 55.
LaTeX Font Info:    Checking defaults for C19/song/m/n on input line 55.
LaTeX Font Info:    ... okay on input line 55.
LaTeX Font Info:    Checking defaults for C40/song/m/n on input line 55.
LaTeX Font Info:    ... okay on input line 55.
LaTeX Font Info:    Checking defaults for C42/song/m/n on input line 55.
LaTeX Font Info:    ... okay on input line 55.
LaTeX Font Info:    Checking defaults for C43/song/m/n on input line 55.
LaTeX Font Info:    ... okay on input line 55.
LaTeX Font Info:    Checking defaults for C50/song/m/n on input line 55.
LaTeX Font Info:    ... okay on input line 55.
LaTeX Font Info:    Checking defaults for C52/song/m/n on input line 55.
LaTeX Font Info:    ... okay on input line 55.
LaTeX Font Info:    Checking defaults for C49/song/m/n on input line 55.
LaTeX Font Info:    ... okay on input line 55.
LaTeX Font Info:    Checking defaults for C60/mj/m/n on input line 55.
LaTeX Font Info:    ... okay on input line 55.
LaTeX Font Info:    Checking defaults for C61/mj/m/n on input line 55.
LaTeX Font Info:    ... okay on input line 55.
LaTeX Font Info:    Checking defaults for C63/mj/m/n on input line 55.
LaTeX Font Info:    ... okay on input line 55.
LaTeX Font Info:    Checking defaults for C64/mj/m/n on input line 55.
LaTeX Font Info:    ... okay on input line 55.
LaTeX Font Info:    Checking defaults for C65/mj/m/n on input line 55.
LaTeX Font Info:    ... okay on input line 55.
LaTeX Font Info:    Checking defaults for C70/song/m/n on input line 55.
LaTeX Font Info:    ... okay on input line 55.
LaTeX Font Info:    Checking defaults for C31/song/m/n on input line 55.
LaTeX Font Info:    ... okay on input line 55.
LaTeX Font Info:    Checking defaults for C32/song/m/n on input line 55.
LaTeX Font Info:    ... okay on input line 55.
LaTeX Font Info:    Checking defaults for C33/song/m/n on input line 55.
LaTeX Font Info:    ... okay on input line 55.
LaTeX Font Info:    Checking defaults for C34/song/m/n on input line 55.
LaTeX Font Info:    ... okay on input line 55.
LaTeX Font Info:    Checking defaults for C35/song/m/n on input line 55.
LaTeX Font Info:    ... okay on input line 55.
LaTeX Font Info:    Checking defaults for C36/song/m/n on input line 55.
LaTeX Font Info:    ... okay on input line 55.
LaTeX Font Info:    Checking defaults for C37/song/m/n on input line 55.
LaTeX Font Info:    ... okay on input line 55.
LaTeX Font Info:    Checking defaults for C80/song/m/n on input line 55.
LaTeX Font Info:    ... okay on input line 55.
LaTeX Font Info:    Checking defaults for C81/song/m/n on input line 55.
LaTeX Font Info:    ... okay on input line 55.
LaTeX Font Info:    Checking defaults for C01/song/m/n on input line 55.
LaTeX Font Info:    ... okay on input line 55.
LaTeX Font Info:    Checking defaults for C11/song/m/n on input line 55.
LaTeX Font Info:    ... okay on input line 55.
LaTeX Font Info:    Checking defaults for C21/song/m/n on input line 55.
LaTeX Font Info:    ... okay on input line 55.
LaTeX Font Info:    Checking defaults for C41/song/m/n on input line 55.
LaTeX Font Info:    ... okay on input line 55.
LaTeX Font Info:    Checking defaults for C62/song/m/n on input line 55.
LaTeX Font Info:    ... okay on input line 55.
LaTeX Font Info:    Checking defaults for PD1/pdf/m/n on input line 55.
LaTeX Font Info:    ... okay on input line 55.
LaTeX Font Info:    Checking defaults for PU/pdf/m/n on input line 55.
LaTeX Font Info:    ... okay on input line 55.
 (c:/texlive/2024/texmf-dist/tex/context/base/mkii/supp-pdf.mkii
[Loading MPS to PDF converter (version 2006.09.02).]
\scratchcounter=\count384
\scratchdimen=\dimen337
\scratchbox=\box101
\nofMPsegments=\count385
\nofMParguments=\count386
\everyMPshowfont=\toks66
\MPscratchCnt=\count387
\MPscratchDim=\dimen338
\MPnumerator=\count388
\makeMPintoPDFobject=\count389
\everyMPtoPDFconversion=\toks67
) (c:/texlive/2024/texmf-dist/tex/latex/epstopdf-pkg/epstopdf-base.sty
Package: epstopdf-base 2020-01-24 v2.11 Base part for package epstopdf
 (c:/texlive/2024/texmf-dist/tex/latex/grfext/grfext.sty
Package: grfext 2019/12/03 v1.3 Manage graphics extensions (HO)
)
Package epstopdf-base Info: Redefining graphics rule for `.eps' on input line 485.
Package grfext Info: Graphics extension search list:
(grfext)             [.pdf,.png,.jpg,.mps,.jpeg,.jbig2,.jb2,.PDF,.PNG,.JPG,.JPEG,.JBIG2,.JB2,.eps]
(grfext)             \AppendGraphicsExtensions on input line 504.
 (c:/texlive/2024/texmf-dist/tex/latex/latexconfig/epstopdf-sys.cfg
File: epstopdf-sys.cfg 2010/07/13 v1.3 Configuration of (r)epstopdf for TeX Live
))
*geometry* driver: auto-detecting
*geometry* detected driver: pdftex
*geometry* verbose mode - [ preamble ] result:
* driver: pdftex
* paper: <default>
* layout: <same size as paper>
* layoutoffset:(h,v)=(0.0pt,0.0pt)
* modes: 
* h-part:(L,W,R)=(71.13188pt, 472.03123pt, 71.13188pt)
* v-part:(T,H,B)=(71.13188pt, 652.70622pt, 71.13188pt)
* \paperwidth=614.295pt
* \paperheight=794.96999pt
* \textwidth=472.03123pt
* \textheight=652.70622pt
* \oddsidemargin=-1.1381pt
* \evensidemargin=-1.1381pt
* \topmargin=-38.1381pt
* \headheight=12.0pt
* \headsep=25.0pt
* \topskip=10.0pt
* \footskip=30.0pt
* \marginparwidth=65.0pt
* \marginparsep=11.0pt
* \columnsep=10.0pt
* \skip\footins=9.0pt plus 4.0pt minus 2.0pt
* \hoffset=0.0pt
* \voffset=0.0pt
* \mag=1000
* \@twocolumnfalse
* \@twosidefalse
* \@mparswitchfalse
* \@reversemarginfalse
* (1in=72.27pt=25.4mm, 1cm=28.453pt)

\c@lstlisting=\count390
Package hyperref Info: Link coloring OFF on input line 55.
(./Êï∞Â≠¶Âª∫Ê®°.out) (./Êï∞Â≠¶Âª∫Ê®°.out)
\@outlinefile=\write6
\openout6 = `Êï∞Â≠¶Âª∫Ê®°.out'.

Package caption Info: Begin \AtBeginDocument code.
Package caption Info: float package is loaded.
Package caption Info: End \AtBeginDocument code.

Package chemgreek Info: Activating mapping `default' on line 55.

 (c:/texlive/2024/texmf-dist/tex/latex/pdflscape/pdflscape.sty
Package: pdflscape 2022-10-27 v0.13 Display of landscape pages in PDF
 (c:/texlive/2024/texmf-dist/tex/latex/pdflscape/pdflscape-nometadata.sty
Package: pdflscape-nometadata 2022-10-28 v0.13 Display of landscape pages in PDF (HO)
 (c:/texlive/2024/texmf-dist/tex/latex/graphics/lscape.sty
Package: lscape 2020/05/28 v3.02 Landscape Pages (DPC)
)
Package pdflscape Info: Auto-detected driver: pdftex on input line 81.
))
LaTeX Font Info:    Trying to load font information for C70+rm on input line 58.
 (c:/texlive/2024/texmf-dist/tex/latex/ctex/fd/c70rm.fd
File: c70rm.fd 2022/07/14 v2.5.10 Chinese font definition (CTEX)
)
Package CJKpunct Info: use punctuation spaces for family 'rm' with punctstyle (quanjiao) on input line 65.

Overfull \hbox (1.71323pt too wide) in paragraph at lines 77--83
\C70/rm/m/n/10.53937/90 ^^Z \C70/rm/m/n/10.53937/8f « \C70/rm/m/n/10.53937/5b ˘ U \C70/rm/m/n/10.53937/59 á\OT1/cmr/m/n/10.53937 BMI\C70/rm/m/n/10.53937/8f € \C70/rm/m/n/10.53937/88 L \C70/rm/m/n/10.53937/79 — \C70/rm/m/n/10.53937/5b f \C70/rm/m/n/10.53937/52 ^^F \C70/rm/m/n/10.53937/7e ƒ \C70/rm/m/n/10.53937/5e v \C70/rm/m/n/10.53937/78 n \C70/rm/m/n/10.53937/5b ö \C70/rm/m/n/10.53937/67 ^^@ \C70/rm/m/n/10.53937/4f s\OT1/cmr/m/n/10.53937 NIPT\C70/rm/m/n/10.53937/68 ¿ \C70/rm/m/n/10.53937/6d K \C70/rm/m/n/10.53937/65 ˆ \C70/rm/m/n/10.53937/70 π|\C70/rm/m/n/10.53937/ff ^^L| \C70/rm/m/n/10.53937/4e Â \C70/rm/m/n/10.53937/67 ^^@ \C70/rm/m/n/10.53937/5c ^^O \C70/rm/m/n/10.53937/53 ^^V \C70/rm/m/n/10.53937/5b U \C70/rm/m/n/10.53937/59 á \C70/rm/m/n/10.53937/6f \ \C70/rm/m/n/10.53937/57 ( \C70/rm/m/n/10.53937/98 Œ \C70/rm/m/n/10.53937/96 i|\C70/rm/m/n/10.53937/30 ^^B| \C70/rm/m/n/10.53937/99 ñ \C70/rm/m/n/10.53937/51 H|\C70/rm/m/n/10.53937/ff ^^L| \C70/rm/m/n/10.53937/62 ^^Q \C70/rm/m/n/10.53937/4e Ï \C70/rm/m/n/10.53937/4f ù \C70/rm/m/n/10.53937/63 n\OT1/cmr/m/n/10.53937 Y\C70/rm/m/n/10.53937/67 ”
 []

(c:/texlive/2024/texmf-dist/tex/generic/ctex/zhmap/ctex-zhmap-windows.tex
File: ctex-zhmap-windows.tex 2022/07/14 v2.5.10 Windows font map loader for pdfTeX and DVIPDFMx (CTEX)
{c:/texlive/2024/texmf-var/fonts/map/pdftex/updmap/pdftex.map}{UGBK.sfd}{Unicode.sfd}) [1

{c:/texlive/2024/texmf-dist/fonts/enc/dvips/cm-super/cm-super-ts1.enc}] [2]
LaTeX Font Info:    Trying to load font information for C70+zhhei on input line 104.
 (c:/texlive/2024/texmf-dist/tex/latex/zhmetrics/c70zhhei.fd
File: c70zhhei.fd 2009/09/23 4.8.2
) [3] [4]

LaTeX Font Warning: Font shape `OMX/cmex/m/n' in size <10.53937> not available
(Font)              size <10.95> substituted on input line 182.

<graph/sss.png, id=543, 448.32611pt x 389.08151pt>
File: graph/sss.png Graphic file (type png)
<use graph/sss.png>
Package pdftex.def Info: graph/sss.png  used on input line 215.
(pdftex.def)             Requested size: 330.42041pt x 286.76405pt.
[5] [6 <./graph/sss.png (PNG copy)>]
<graph/points.png, id=563, 715.473pt x 426.393pt>
File: graph/points.png Graphic file (type png)
<use graph/points.png>
Package pdftex.def Info: graph/points.png  used on input line 282.
(pdftex.def)             Requested size: 212.41261pt x 126.5851pt.
<graph/linear_regression.png, id=565, 715.473pt x 426.393pt>
File: graph/linear_regression.png Graphic file (type png)
<use graph/linear_regression.png>
Package pdftex.def Info: graph/linear_regression.png  used on input line 289.
(pdftex.def)             Requested size: 212.41261pt x 126.5851pt.
 [7 <./graph/points.png> <./graph/linear_regression.png>]
Underfull \hbox (badness 2884) in paragraph at lines 346--346
[]|\OT1/cmr/m/n/9.03374 Y $\OMS/cmsy/m/n/9.03374 ^^X$ \OT1/cmr/m/n/9.03374 BMI + G[]days +
 []


Underfull \hbox (badness 10000) in paragraph at lines 346--346
[]|\OT1/cmr/m/n/9.03374 0.0008285(Std.Dev:
 []


Underfull \hbox (badness 10000) in paragraph at lines 346--346
[]|\OT1/cmr/m/n/9.03374 0.0001279(Std.Dev:
 []


Underfull \hbox (badness 10000) in paragraph at lines 346--346
[]|\OT1/cmr/m/n/9.03374 0.0002930(Std.Dev:
 []


Underfull \hbox (badness 10000) in paragraph at lines 346--346
[]|\OT1/cmr/m/n/9.03374 0.0002807(Std.Dev:
 []


Underfull \hbox (badness 10000) in paragraph at lines 346--346
[]|\OT1/cmr/m/n/9.03374 REML = -2536.1
 []


Underfull \hbox (badness 10000) in paragraph at lines 346--346
\OT1/cmr/m/n/9.03374 (\C70/rm/m/n/9.03374/4e ^^N\OT1/cmr/m/n/9.03374 AIC/BIC\C70/rm/m/n/9.03374/4e ^^M \C70/rm/m/n/9.03374/53 Ô \C70/rm/m/n/9.03374/76 Ù \C70/rm/m/n/9.03374/63 • \C70/rm/m/n/9.03374/6b ‘
 []


Underfull \hbox (badness 1132) in paragraph at lines 346--346
[]|\C70/rm/m/n/9.03374/63 U I ^^G \C70/rm/m/n/9.03374/65 p \C70/rm/m/n/9.03374/58 û \C70/rm/m/n/9.03374/95 ^^? \C70/rm/m/n/9.03374/8d ã \C70/rm/m/n/9.03374/52 ø|\C70/rm/m/n/9.03374/ff ^^L| \C70/rm/m/n/9.03374/75 ^^_ \C70/rm/m/n/9.03374/72 i \C70/rm/m/n/9.03374/5b f
 []


Underfull \hbox (badness 1132) in paragraph at lines 346--346
[]|\C70/rm/m/n/9.03374/65 ‡ \C70/rm/m/n/9.03374/97 ^^@ \C70/rm/m/n/9.03374/98 Ñ \C70/rm/m/n/9.03374/8b æ \C70/rm/m/n/9.03374/5f b ^^O|\C70/rm/m/n/9.03374/ff ^^L| \C70/rm/m/n/9.03374/81 Í \C70/rm/m/n/9.03374/52 ® \C70/rm/m/n/9.03374/63 U I \C70/rm/m/n/9.03374/59 ^^M
 []


Underfull \hbox (badness 1132) in paragraph at lines 346--346
\C70/rm/m/n/9.03374/67 B \C70/rm/m/n/9.03374/97 ^ \C70/rm/m/n/9.03374/7e ø \C70/rm/m/n/9.03374/60 ' \C70/rm/m/n/9.03374/51 s \C70/rm/m/n/9.03374/7c ˚|\C70/rm/m/n/9.03374/ff ^^L| \C70/rm/m/n/9.03374/62 ﬂ \C70/rm/m/n/9.03374/54 ^^H \C70/rm/m/n/9.03374/4f ^^X \C70/rm/m/n/9.03374/5e ¶ \C70/rm/m/n/9.03374/67 ^^@
 []


Underfull \hbox (badness 10000) in paragraph at lines 346--346
[]|\C70/rm/m/n/9.03374/53 Ô \C70/rm/m/n/9.03374/80 ˝ \C70/rm/m/n/9.03374/5f ˝ \C70/rm/m/n/9.03374/75 e \C70/rm/m/n/9.03374/91 Õ \C70/rm/m/n/9.03374/89 Å \C70/rm/m/n/9.03374/97 ^ \C70/rm/m/n/9.03374/7e ø \C70/rm/m/n/9.03374/60 ' \C70/rm/m/n/9.03374/51 s \C70/rm/m/n/9.03374/7c ˚|\C70/rm/m/n/9.03374/ff ^^L|
 []


Underfull \hbox (badness 1132) in paragraph at lines 346--346
[]|\C70/rm/m/n/9.03374/7e ” \C70/rm/m/n/9.03374/67 ú \C70/rm/m/n/9.03374/4e : \C70/rm/m/n/9.03374/5e s \C70/rm/m/n/9.03374/6e — \C70/rm/m/n/9.03374/66 Ú \C70/rm/m/n/9.03374/7e ø|\C70/rm/m/n/9.03374/ff ^^L| \C70/rm/m/n/9.03374/7f : \C70/rm/m/n/9.03374/4e O \C70/rm/m/n/9.03374/53 ¬ \C70/rm/m/n/9.03374/65 p
 []

[8]
<graph/y_vs_time_population_curves.png, id=584, 722.7pt x 433.62pt>
File: graph/y_vs_time_population_curves.png Graphic file (type png)
<use graph/y_vs_time_population_curves.png>
Package pdftex.def Info: graph/y_vs_time_population_curves.png  used on input line 373.
(pdftex.def)             Requested size: 212.41261pt x 127.44702pt.
<graph/ability.png, id=585, 722.7pt x 654.7662pt>
File: graph/ability.png Graphic file (type png)
<use graph/ability.png>
Package pdftex.def Info: graph/ability.png  used on input line 381.
(pdftex.def)             Requested size: 212.41261pt x 192.44499pt.
 [9 <./graph/y_vs_time_population_curves.png> <./graph/ability.png>]
Overfull \hbox (23.49355pt too wide) in paragraph at lines 404--406
[]\C70/rm/m/n/10.53937/6a ! \C70/rm/m/n/10.53937/57 ã \C70/rm/m/n/10.53937/91 « \C70/rm/m/n/10.53937/75 ( \C70/rm/m/n/10.53937/85 Ñ \C70/rm/m/n/10.53937/67 ^^? \C70/rm/m/n/10.53937/56 ﬁ \C70/rm/m/n/10.53937/5f R \C70/rm/m/n/10.53937/68 7 \C70/rm/m/n/10.53937/67 a |\C70/rm/m/n/10.53937/ff ^^H|\OT1/cmr/m/n/10.53937 Thin Plate Re-gres-sion Splines|\C70/rm/m/n/10.53937/ff 	| \C70/rm/m/n/10.53937/4f \ \C70/rm/m/n/10.53937/4e : \C70/rm/m/n/10.53937/5e s \C70/rm/m/n/10.53937/6e — \C70/rm/m/n/10.53937/51 ˝ \C70/rm/m/n/10.53937/65 p \C70/rm/m/n/10.53937/76 Ñ \C70/rm/m/n/10.53937/57 ˙ \C70/rm/m/n/10.53937/78 @|\C70/rm/m/n/10.53937/ff ^^L| \C70/rm/m/n/10.53937/4f ^^? \C70/rm/m/n/10.53937/75 (\OT1/cmr/m/n/10.53937 REML  |\C70/rm/m/n/10.53937/ff ^^H|\OT1/cmr/m/n/10.53937 Restricted
 []

[10]
Underfull \hbox (badness 10000) in paragraph at lines 449--451

 []

<graph/zhoubu.png, id=606, 1569.865pt x 891.33pt>
File: graph/zhoubu.png Graphic file (type png)
<use graph/zhoubu.png>
Package pdftex.def Info: graph/zhoubu.png  used on input line 465.
(pdftex.def)             Requested size: 377.62642pt x 214.39958pt.
[11]
<graph/julei2.png, id=611, 598.73688pt x 334.75063pt>
File: graph/julei2.png Graphic file (type png)
<use graph/julei2.png>
Package pdftex.def Info: graph/julei2.png  used on input line 476.
(pdftex.def)             Requested size: 377.62642pt x 211.13408pt.
<graph/julei3.png, id=612, 598.73688pt x 329.73187pt>
File: graph/julei3.png Graphic file (type png)
<use graph/julei3.png>
Package pdftex.def Info: graph/julei3.png  used on input line 484.
(pdftex.def)             Requested size: 377.62642pt x 207.96863pt.
 [12 <./graph/zhoubu.png> <./graph/julei2.png>] [13 <./graph/julei3.png>] [14]
<graph/BMI_32.30_34.92_utility_analysis.png, id=646, 873.0216pt x 509.0217pt>
File: graph/BMI_32.30_34.92_utility_analysis.png Graphic file (type png)
<use graph/BMI_32.30_34.92_utility_analysis.png>
Package pdftex.def Info: graph/BMI_32.30_34.92_utility_analysis.png  used on input line 597.
(pdftex.def)             Requested size: 377.62642pt x 220.17992pt.

Overfull \hbox (21.69476pt too wide) in alignment at lines 609--619
[] [] [] [] [] 
 []

[15 <./graph/BMI_32.30_34.92_utility_analysis.png>]
<graph/error_analysis_BMI_32.30-34.92.png, id=655, 857.3631pt x 569.9694pt>
File: graph/error_analysis_BMI_32.30-34.92.png Graphic file (type png)
<use graph/error_analysis_BMI_32.30-34.92.png>
Package pdftex.def Info: graph/error_analysis_BMI_32.30-34.92.png  used on input line 656.
(pdftex.def)             Requested size: 377.62642pt x 251.04822pt.
 [16 <./graph/error_analysis_BMI_32.30-34.92.png>] [17]
<graph/duofenleizhou.png, id=669, 1284.8pt x 666.49pt>
File: graph/duofenleizhou.png Graphic file (type png)
<use graph/duofenleizhou.png>
Package pdftex.def Info: graph/duofenleizhou.png  used on input line 713.
(pdftex.def)             Requested size: 330.42041pt x 171.4019pt.
<graph/duofenleisan.png, id=670, 1035.87pt x 717.68124pt>
File: graph/duofenleisan.png Graphic file (type png)
<use graph/duofenleisan.png>
Package pdftex.def Info: graph/duofenleisan.png  used on input line 722.
(pdftex.def)             Requested size: 330.42041pt x 228.92897pt.
 [18 <./graph/duofenleizhou.png> <./graph/duofenleisan.png>]
<graph/zhou.png, id=679, 1286.8075pt x 688.5725pt>
File: graph/zhou.png Graphic file (type png)
<use graph/zhou.png>
Package pdftex.def Info: graph/zhou.png  used on input line 741.
(pdftex.def)             Requested size: 377.62642pt x 202.06593pt.
<graph/C(3)julei.png, id=680, 836.12375pt x 1366.10374pt>
File: graph/C(3)julei.png Graphic file (type png)
<use graph/C(3)julei.png>
Package pdftex.def Info: graph/C(3)julei.png  used on input line 750.
(pdftex.def)             Requested size: 377.62642pt x 616.99228pt.
 [19 <./graph/zhou.png>] [20 <./graph/C(3)julei.png>]
Overfull \hbox (6.96555pt too wide) in paragraph at lines 762--764
[]\C70/rm/m/n/10.53937/66 Ù \C70/rm/m/n/10.53937/91 Õ \C70/rm/m/n/10.53937/89 Å \C70/rm/m/n/10.53937/76 Ñ \C70/rm/m/n/10.53937/66 /|\C70/rm/m/n/10.53937/ff ^^L| \C70/rm/m/n/10.53937/8b Â \C70/rm/m/n/10.53937/65 π \C70/rm/m/n/10.53937/6c ’ \C70/rm/m/n/10.53937/4e ß \C70/rm/m/n/10.53937/75 ^^_ \C70/rm/m/n/10.53937/4e Ü \C70/rm/m/n/10.53937/51 w \C70/rm/m/n/10.53937/67 	 \C70/rm/m/n/10.53937/66 ^^N \C70/rm/m/n/10.53937/78 n \C70/rm/m/n/10.53937/4e 4 \C70/rm/m/n/10.53937/5e ä \C70/rm/m/n/10.53937/61 ^^O \C70/rm/m/n/10.53937/4e I \C70/rm/m/n/10.53937/76 Ñ\OT1/cmr/m/n/10.53937 BMI\C70/rm/m/n/10.53937/53 : \C70/rm/m/n/10.53937/95 Ù \C70/rm/m/n/10.53937/52 ^^R ^^F \C70/rm/m/n/10.53937/80 Z \C70/rm/m/n/10.53937/7c {\OT1/cmr/m/n/10.53937 0-4\C70/rm/m/n/10.53937/52 ^^F + \C70/rm/m/n/10.53937/5b ˘ \C70/rm/m/n/10.53937/5e î \C70/rm/m/n/10.53937/83 ^^C \C70/rm/m/n/10.53937/56 Ù \C70/rm/m/n/10.53937/4e :|\C70/rm/m/n/10.53937/ff ^^Z| \OT1/cmr/m/n/10.53937 34.63-37.64|\C70/rm/m/n/10.53937/ff ^^L|
 []

Package CJKpunct Info: use punctuation spaces for family 'zhhei' with punctstyle (quanjiao) on input line 777.
[21]
Overfull \hbox (35.72125pt too wide) in paragraph at lines 830--832
[]\C70/rm/m/n/10.53937/5b ˘ \C70/rm/m/n/10.53937/4e é \C70/rm/m/n/10.53937/68 7 \C70/rm/m/n/10.53937/67 , \C70/rm/m/n/10.53937/91 œ \C70/rm/m/n/10.53937/22 e\OT1/cmr/m/n/10.53937 10\C70/rm/m/n/10.53937/76 Ñ \C70/rm/m/n/10.53937/52 ^^F \C70/rm/m/n/10.53937/7e ƒ |\C70/rm/m/n/10.53937/ff ^^H|\C70/rm/m/n/10.53937/80 Z \C70/rm/m/n/10.53937/7c {\OT1/cmr/m/n/10.53937 0{3|\C70/rm/m/n/10.53937/ff 	||^^L| \C70/rm/m/n/10.53937/91 « \C70/rm/m/n/10.53937/75 ( \C70/rm/m/n/10.53937/96 è \C70/rm/m/n/10.53937/67 : \C70/rm/m/n/10.53937/68 Ó \C70/rm/m/n/10.53937/67 ó \C70/rm/m/n/10.53937/56 ﬁ \C70/rm/m/n/10.53937/5f R \C70/rm/m/n/10.53937/6a ! \C70/rm/m/n/10.53937/57 ã \C70/rm/m/n/10.53937/5e ˙ \C70/rm/m/n/10.53937/6a ! \C70/rm/m/n/10.53937/8f æ \C70/rm/m/n/10.53937/68 ^^G \C70/rm/m/n/10.53937/65 ˆ \C70/rm/m/n/10.53937/95 Ù $\OML/cmm/m/it/10.53937 T$ \C70/rm/m/n/10.53937/4e ^^N \C70/rm/m/n/10.53937/72 y \C70/rm/m/n/10.53937/5f Å $\OML/cmm/m/it/10.53937 X \OT1/cmr/m/n/10.53937 = ([]\OML/cmm/m/it/10.53937 ; []; []\OT1/cmr/m/n/10.53937 )$
 []

[22] [23]
Overfull \hbox (30.97351pt too wide) in alignment at lines 922--938
[] [] [] [] [] [] 
 []

[24]
Overfull \hbox (3.96764pt too wide) in paragraph at lines 964--966
[]\C70/rm/m/n/10.53937/4e : \C70/rm/m/n/10.53937/8b ƒ \C70/rm/m/n/10.53937/4f 0\OT1/cmr/m/n/10.53937 Y\C70/rm/m/n/10.53937/67 ” \C70/rm/m/n/10.53937/82 r \C70/rm/m/n/10.53937/4f S \C70/rm/m/n/10.53937/6d S \C70/rm/m/n/10.53937/5e ¶ \C70/rm/m/n/10.53937/68 ¿ \C70/rm/m/n/10.53937/6d K \C70/rm/m/n/10.53937/8b Ô \C70/rm/m/n/10.53937/5d Ó \C70/rm/m/n/10.53937/5b ˘\OT1/cmr/m/n/10.53937 NIPT\C70/rm/m/n/10.53937/67 ^^@ \C70/rm/m/n/10.53937/4f s \C70/rm/m/n/10.53937/65 ˆ \C70/rm/m/n/10.53937/70 π \C70/rm/m/n/10.53937/63 ® \C70/rm/m/n/10.53937/83 P \C70/rm/m/n/10.53937/7a 3 \C70/rm/m/n/10.53937/5b ö \C70/rm/m/n/10.53937/60 ' \C70/rm/m/n/10.53937/76 Ñ \C70/rm/m/n/10.53937/5f q \C70/rm/m/n/10.53937/54 Õ|\C70/rm/m/n/10.53937/ff ^^L| \C70/rm/m/n/10.53937/67 , \C70/rm/m/n/10.53937/78 ^^T \C70/rm/m/n/10.53937/7a v \C70/rm/m/n/10.53937/91 « \C70/rm/m/n/10.53937/75 (\OT1/cmr/m/n/10.53937 **\C70/rm/m/n/10.53937/84 ô \C70/rm/m/n/10.53937/72 y \C70/rm/m/n/10.53937/53 a \C70/rm/m/n/10.53937/6d ^^[ \C70/rm/m/n/10.53937/6a ! \C70/rm/m/n/10.53937/62 ﬂ\OT1/cmr/m/n/10.53937 **\C70/rm/m/n/10.53937/65 π
 []

[25]
Overfull \hbox (13.48216pt too wide) in paragraph at lines 1025--1027
[]\OT1/cmr/bx/n/10.53937 2.\C70/rm/bx/n/10.53937/65 H \C70/rm/bx/n/10.53937/75 ( \C70/rm/bx/n/10.53937/50 < \C70/rm/bx/n/10.53937/4e ^^N \C70/rm/bx/n/10.53937/98 Œ \C70/rm/bx/n/10.53937/96 i \C70/rm/bx/n/10.53937/6c 4 \C70/rm/bx/n/10.53937/5e s \C70/rm/bx/n/10.53937/7a 3 \C70/rm/bx/n/10.53937/5b ö \C70/rm/bx/n/10.53937/60 '|\C70/rm/m/n/10.53937/ff ^^Z| \C70/rm/m/n/10.53937/4f N\OT1/cmr/m/n/10.53937 BMI\C70/rm/m/n/10.53937/52 ^^F \C70/rm/m/n/10.53937/7e ƒ\OT1/cmr/m/n/10.53937 (\C70/rm/m/n/10.53937/80 Z \C70/rm/m/n/10.53937/7c {\OT1/cmr/m/n/10.53937 0-2)\C70/rm/m/n/10.53937/76 Ñ \C70/rm/m/n/10.53937/65 H \C70/rm/m/n/10.53937/75 ( \C70/rm/m/n/10.53937/50 < \C70/rm/m/n/10.53937/53 ÿ \C70/rm/m/n/10.53937/5f ^^B \C70/rm/m/n/10.53937/7c ˚ \C70/rm/m/n/10.53937/65 p\OT1/cmr/m/n/10.53937 <3.5%|\C70/rm/m/n/10.53937/ff ^^L| \C70/rm/m/n/10.53937/7a 3 \C70/rm/m/n/10.53937/5b ö \C70/rm/m/n/10.53937/60 ' \C70/rm/m/n/10.53937/8f É \C70/rm/m/n/10.53937/9a ÿ|\C70/rm/m/n/10.53937/30 ^^B| \C70/rm/m/n/10.53937/80 ^^L \C70/rm/m/n/10.53937/9a ÿ\OT1/cmr/m/n/10.53937 BMI\C70/rm/m/n/10.53937/52 ^^F
 []

[26]
<graph/point_biserial_correlations_abs.png, id=742, 867.24pt x 578.16pt>
File: graph/point_biserial_correlations_abs.png Graphic file (type png)
<use graph/point_biserial_correlations_abs.png>
Package pdftex.def Info: graph/point_biserial_correlations_abs.png  used on input line 1071.
(pdftex.def)             Requested size: 377.62642pt x 251.7534pt.

Overfull \hbox (13.68086pt too wide) in paragraph at lines 1076--1077
[]\C70/rm/m/n/10.53937/75 1 \C70/rm/m/n/10.53937/4e é \C70/rm/m/n/10.53937/62 ^^Q \C70/rm/m/n/10.53937/4e Ï \C70/rm/m/n/10.53937/76 Ñ \C70/rm/m/n/10.53937/65 p \C70/rm/m/n/10.53937/63 n \C70/rm/m/n/10.53937/67 	 \C70/rm/m/n/10.53937/66 ^^N > \C70/rm/m/n/10.53937/76 Ñ \C70/rm/m/n/10.53937/68 7 \C70/rm/m/n/10.53937/67 , \C70/rm/m/n/10.53937/4e ^^M \C70/rm/m/n/10.53937/57 G \C70/rm/m/n/10.53937/88 a |\C70/rm/m/n/10.53937/ff ^^H|\C70/rm/m/n/10.53937/60 £ \C70/rm/m/n/10.53937/75 ≈ \C70/rm/m/n/10.53937/68 7 \C70/rm/m/n/10.53937/67 , \C70/rm/m/n/10.53937/8f ‹ \C70/rm/m/n/10.53937/5c ^^O \C70/rm/m/n/10.53937/4e é \C70/rm/m/n/10.53937/50 e \C70/rm/m/n/10.53937/5e ∑ \C70/rm/m/n/10.53937/68 7 \C70/rm/m/n/10.53937/67 ,|\C70/rm/m/n/10.53937/ff 	||^^L| \C70/rm/m/n/10.53937/56 ‡ \C70/rm/m/n/10.53937/6b d \C70/rm/m/n/10.53937/62 ^^Q \C70/rm/m/n/10.53937/4e Ï \C70/rm/m/n/10.53937/51 ≥ \C70/rm/m/n/10.53937/5b ö \C70/rm/m/n/10.53937/4f ^^? \C70/rm/m/n/10.53937/75 (\OT1/cmr/bx/n/10.53937 SMOTEENN
 []

[27 <./graph/point_biserial_correlations_abs.png>]
Overfull \hbox (17.69815pt too wide) in paragraph at lines 1082--1086
[]\C70/rm/m/n/10.53937/4e : \C70/rm/m/n/10.53937/51 K \C70/rm/m/n/10.53937/67 ^^M \C70/rm/m/n/10.53937/75 1 \C70/rm/m/n/10.53937/6b d \C70/rm/m/n/10.53937/5b ¸ \C70/rm/m/n/10.53937/81 Ù \C70/rm/m/n/10.53937/76 Ñ \C70/rm/m/n/10.53937/6a ! \C70/rm/m/n/10.53937/57 ã \C70/rm/m/n/10.53937/50 O \C70/rm/m/n/10.53937/89 ¡|\C70/rm/m/n/10.53937/ff ^^L| \C70/rm/m/n/10.53937/91 « \C70/rm/m/n/10.53937/75 (\OT1/cmr/m/n/10.53937 SMOTEENN\C70/rm/m/n/10.53937/6d ˜ \C70/rm/m/n/10.53937/54 ^^H \C70/rm/m/n/10.53937/91 « \C70/rm/m/n/10.53937/68 7 \C70/rm/m/n/10.53937/7b ó \C70/rm/m/n/10.53937/6c ’|\C70/rm/m/n/10.53937/ff ^^L| \C70/rm/m/n/10.53937/8b Â \C70/rm/m/n/10.53937/7b ó \C70/rm/m/n/10.53937/6c ’ \C70/rm/m/n/10.53937/7e ” \C70/rm/m/n/10.53937/54 ^^H \C70/rm/m/n/10.53937/4e Ü\OT1/cmr/m/n/10.53937 SMOTE\C70/rm/m/n/10.53937/8f « \C70/rm/m/n/10.53937/91 « \C70/rm/m/n/10.53937/68 7 \C70/rm/m/n/10.53937/54 å\OT1/cmr/m/n/10.53937 ENN\C70/rm/m/n/10.53937/6b  
 []


Overfull \hbox (18.69289pt too wide) in paragraph at lines 1082--1086
\C70/rm/m/n/10.53937/8f «\OT1/cmr/bx/n/10.53937 SMOTEENN\C70/rm/bx/n/10.53937/59 ^^D \C70/rm/bx/n/10.53937/74 ^^F \C70/rm/bx/n/10.53937/54 ^^N|\C70/rm/m/n/10.53937/ff ^^L| \C70/rm/m/n/10.53937/6b c \C70/rm/m/n/10.53937/5e 8 \C70/rm/m/n/10.53937/68 7 \C70/rm/m/n/10.53937/67 , |\C70/rm/m/n/10.53937/ff ^^H|\OT1/cmr/m/n/10.53937 0\C70/rm/m/n/10.53937/7c {|\C70/rm/m/n/10.53937/ff 	| \C70/rm/m/n/10.53937/67 	\OT1/cmr/m/n/10.53937 185\C70/rm/m/n/10.53937/4e *|\C70/rm/m/n/10.53937/ff ^^L| \C70/rm/m/n/10.53937/5f ^^B \C70/rm/m/n/10.53937/5e 8 \C70/rm/m/n/10.53937/68 7 \C70/rm/m/n/10.53937/67 , |\C70/rm/m/n/10.53937/ff ^^H|\OT1/cmr/m/n/10.53937 1\C70/rm/m/n/10.53937/7c {|\C70/rm/m/n/10.53937/ff 	| \C70/rm/m/n/10.53937/67 	\OT1/cmr/m/n/10.53937 215\C70/rm/m/n/10.53937/4e *|\C70/rm/m/n/10.53937/30 ^^B| \C70/rm/bx/n/10.53937/5f ^^B \C70/rm/bx/n/10.53937/5e 8 \C70/rm/bx/n/10.53937/6b ‘ \C70/rm/bx/n/10.53937/4f ã \C70/rm/m/n/10.53937/4e :\OT1/cmr/m/n/10.53937 215/(215+185)
 []

<graph/model_comparison.png, id=751, 867.24pt x 578.16pt>
File: graph/model_comparison.png Graphic file (type png)
<use graph/model_comparison.png>
Package pdftex.def Info: graph/model_comparison.png  used on input line 1116.
(pdftex.def)             Requested size: 377.62642pt x 251.7534pt.
<graph/precision_recall_curves_comparison.png, id=752, 722.7pt x 578.16pt>
File: graph/precision_recall_curves_comparison.png Graphic file (type png)
<use graph/precision_recall_curves_comparison.png>
Package pdftex.def Info: graph/precision_recall_curves_comparison.png  used on input line 1123.
(pdftex.def)             Requested size: 377.62642pt x 302.10056pt.
[28] [29 <./graph/model_comparison.png> <./graph/precision_recall_curves_comparison.png>]
Overfull \hbox (25.5878pt too wide) in paragraph at lines 1138--1141
[]\C70/rm/m/n/10.53937/90 ^^Z \C70/rm/m/n/10.53937/8f « \C70/rm/m/n/10.53937/7f Q \C70/rm/m/n/10.53937/68 < \C70/rm/m/n/10.53937/64 ^^\ \C70/rm/m/n/10.53937/7d " |\C70/rm/m/n/10.53937/ff ^^H|\OT1/cmr/m/n/10.53937 Grid Search|\C70/rm/m/n/10.53937/ff 	| \C70/rm/m/n/10.53937/65 π \C70/rm/m/n/10.53937/6c ’ \C70/rm/m/n/10.53937/5b ˘ \C70/rm/m/n/10.53937/96 è \C70/rm/m/n/10.53937/67 : \C70/rm/m/n/10.53937/68 Ó \C70/rm/m/n/10.53937/67 ó \C70/rm/m/n/10.53937/76 Ñ \C70/rm/m/n/10.53937/51 s \C70/rm/m/n/10.53937/95 . \C70/rm/m/n/10.53937/8d Ö \C70/rm/m/n/10.53937/53 ¬ \C70/rm/m/n/10.53937/65 p \C70/rm/m/n/10.53937/8f € \C70/rm/m/n/10.53937/88 L \C70/rm/m/n/10.53937/8c ^^C \C70/rm/m/n/10.53937/4f ^^X|\C70/rm/m/n/10.53937/ff ^^L| \C70/rm/m/n/10.53937/53 ^^E \C70/rm/m/n/10.53937/62 Ï \C70/rm/m/n/10.53937/51 ≥ \C70/rm/m/n/10.53937/7b V \C70/rm/m/n/10.53937/68 ^^Q \C70/rm/m/n/10.53937/65 p \C70/rm/m/n/10.53937/91 œ |\C70/rm/m/n/10.53937/ff ^^H|\OT1/cmr/m/n/10.53937 n[]estimators|\C70/rm/m/n/10.53937/ff 	||\C70/rm/m/n/10.53937/30 ^^A|
 []


Overfull \hbox (22.12442pt too wide) in paragraph at lines 1138--1141
\C70/rm/m/n/10.53937/67 ^^@ \C70/rm/m/n/10.53937/59 ' \C70/rm/m/n/10.53937/68 ^^Q \C70/rm/m/n/10.53937/6d Ò \C70/rm/m/n/10.53937/5e ¶ |\C70/rm/m/n/10.53937/ff ^^H|\OT1/cmr/m/n/10.53937 max[]depth|\C70/rm/m/n/10.53937/ff 	||\C70/rm/m/n/10.53937/30 ^^A| \C70/rm/m/n/10.53937/67 ^^@ \C70/rm/m/n/10.53937/5c ^^O \C70/rm/m/n/10.53937/52 ^^F \C70/rm/m/n/10.53937/88 ¬ \C70/rm/m/n/10.53937/68 7 \C70/rm/m/n/10.53937/67 , \C70/rm/m/n/10.53937/65 p |\C70/rm/m/n/10.53937/ff ^^H|\OT1/cmr/m/n/10.53937 min[]samples[]split|\C70/rm/m/n/10.53937/ff 	| \C70/rm/m/n/10.53937/54 å \C70/rm/m/n/10.53937/67 ^^@ \C70/rm/m/n/10.53937/5c ^^O \C70/rm/m/n/10.53937/53 ˆ \C70/rm/m/n/10.53937/82 Ç \C70/rm/m/n/10.53937/70 π \C70/rm/m/n/10.53937/68 7 \C70/rm/m/n/10.53937/67 , \C70/rm/m/n/10.53937/65 p |\C70/rm/m/n/10.53937/ff ^^H|\OT1/cmr/m/n/10.53937 min[]samples[]leaf|\C70/rm/m/n/10.53937/ff 	||\C70/rm/m/n/10.53937/30 ^^B|
 []

[30]
<graph/random_forest_roc_curve.png, id=771, 578.16pt x 433.62pt>
File: graph/random_forest_roc_curve.png Graphic file (type png)
<use graph/random_forest_roc_curve.png>
Package pdftex.def Info: graph/random_forest_roc_curve.png  used on input line 1201.
(pdftex.def)             Requested size: 377.62642pt x 283.21927pt.
 [31 <./graph/random_forest_roc_curve.png>] [32] [33]
Overfull \hbox (31.1938pt too wide) in paragraph at lines 1262--1264
[]\OT1/cmr/m/n/10.53937 [2] []Review:study on sim-ple k mean and mod-i-fied K mean clus-ter-ing tech-nique[J].International
 []

<1.pdf, id=790, 614.295pt x 794.97pt>
File: 1.pdf Graphic file (type pdf)
<use 1.pdf>
Package pdftex.def Info: 1.pdf  used on input line 1275.
(pdftex.def)             Requested size: 614.29349pt x 794.96806pt.
File: 1.pdf Graphic file (type pdf)
<use 1.pdf>
Package pdftex.def Info: 1.pdf  used on input line 1275.
(pdftex.def)             Requested size: 614.29349pt x 794.96806pt.
<1.pdf, id=793, page=32, 614.295pt x 794.97pt>
File: 1.pdf Graphic file (type pdf)
<use 1.pdf, page 32>
Package pdftex.def Info: 1.pdf , page32 used on input line 1275.
(pdftex.def)             Requested size: 614.29349pt x 794.96806pt.
File: 1.pdf Graphic file (type pdf)
<use 1.pdf, page 32>
Package pdftex.def Info: 1.pdf , page32 used on input line 1275.
(pdftex.def)             Requested size: 614.58406pt x 795.3441pt.
[34]
File: 1.pdf Graphic file (type pdf)
<use 1.pdf, page 32>
Package pdftex.def Info: 1.pdf , page32 used on input line 1275.
(pdftex.def)             Requested size: 614.58406pt x 795.3441pt.
File: 1.pdf Graphic file (type pdf)
<use 1.pdf, page 32>
Package pdftex.def Info: 1.pdf , page32 used on input line 1275.
(pdftex.def)             Requested size: 614.58406pt x 795.3441pt.
File: 1.pdf Graphic file (type pdf)
<use 1.pdf, page 32>
Package pdftex.def Info: 1.pdf , page32 used on input line 1275.
(pdftex.def)             Requested size: 614.58406pt x 795.3441pt.
 [35

 <./1.pdf>]
<1.pdf, id=837, page=33, 614.295pt x 794.97pt>
File: 1.pdf Graphic file (type pdf)
<use 1.pdf, page 33>
Package pdftex.def Info: 1.pdf , page33 used on input line 1275.
(pdftex.def)             Requested size: 614.58406pt x 795.3441pt.
File: 1.pdf Graphic file (type pdf)
<use 1.pdf, page 33>
Package pdftex.def Info: 1.pdf , page33 used on input line 1275.
(pdftex.def)             Requested size: 614.58406pt x 795.3441pt.
File: 1.pdf Graphic file (type pdf)
<use 1.pdf, page 33>
Package pdftex.def Info: 1.pdf , page33 used on input line 1275.
(pdftex.def)             Requested size: 614.58406pt x 795.3441pt.
 [36

 <./1.pdf>]
<1.pdf, id=846, page=34, 614.295pt x 794.97pt>
File: 1.pdf Graphic file (type pdf)
<use 1.pdf, page 34>
Package pdftex.def Info: 1.pdf , page34 used on input line 1275.
(pdftex.def)             Requested size: 614.58406pt x 795.3441pt.
File: 1.pdf Graphic file (type pdf)
<use 1.pdf, page 34>
Package pdftex.def Info: 1.pdf , page34 used on input line 1275.
(pdftex.def)             Requested size: 614.58406pt x 795.3441pt.
File: 1.pdf Graphic file (type pdf)
<use 1.pdf, page 34>
Package pdftex.def Info: 1.pdf , page34 used on input line 1275.
(pdftex.def)             Requested size: 614.58406pt x 795.3441pt.
 [37

 <./1.pdf>]
<1.pdf, id=856, page=35, 614.295pt x 794.97pt>
File: 1.pdf Graphic file (type pdf)
<use 1.pdf, page 35>
Package pdftex.def Info: 1.pdf , page35 used on input line 1275.
(pdftex.def)             Requested size: 614.58406pt x 795.3441pt.
File: 1.pdf Graphic file (type pdf)
<use 1.pdf, page 35>
Package pdftex.def Info: 1.pdf , page35 used on input line 1275.
(pdftex.def)             Requested size: 614.58406pt x 795.3441pt.
File: 1.pdf Graphic file (type pdf)
<use 1.pdf, page 35>
Package pdftex.def Info: 1.pdf , page35 used on input line 1275.
(pdftex.def)             Requested size: 614.58406pt x 795.3441pt.
 [38

 <./1.pdf>]
<1.pdf, id=865, page=36, 614.295pt x 794.97pt>
File: 1.pdf Graphic file (type pdf)
<use 1.pdf, page 36>
Package pdftex.def Info: 1.pdf , page36 used on input line 1275.
(pdftex.def)             Requested size: 614.58406pt x 795.3441pt.
File: 1.pdf Graphic file (type pdf)
<use 1.pdf, page 36>
Package pdftex.def Info: 1.pdf , page36 used on input line 1275.
(pdftex.def)             Requested size: 614.58406pt x 795.3441pt.
File: 1.pdf Graphic file (type pdf)
<use 1.pdf, page 36>
Package pdftex.def Info: 1.pdf , page36 used on input line 1275.
(pdftex.def)             Requested size: 614.58406pt x 795.3441pt.
 [39

 <./1.pdf>]
<1.pdf, id=894, page=37, 614.295pt x 794.97pt>
File: 1.pdf Graphic file (type pdf)
<use 1.pdf, page 37>
Package pdftex.def Info: 1.pdf , page37 used on input line 1275.
(pdftex.def)             Requested size: 614.58406pt x 795.3441pt.
File: 1.pdf Graphic file (type pdf)
<use 1.pdf, page 37>
Package pdftex.def Info: 1.pdf , page37 used on input line 1275.
(pdftex.def)             Requested size: 614.58406pt x 795.3441pt.
File: 1.pdf Graphic file (type pdf)
<use 1.pdf, page 37>
Package pdftex.def Info: 1.pdf , page37 used on input line 1275.
(pdftex.def)             Requested size: 614.58406pt x 795.3441pt.
 [40

 <./1.pdf>]
<1.pdf, id=899, page=38, 614.295pt x 794.97pt>
File: 1.pdf Graphic file (type pdf)
<use 1.pdf, page 38>
Package pdftex.def Info: 1.pdf , page38 used on input line 1275.
(pdftex.def)             Requested size: 614.58406pt x 795.3441pt.
File: 1.pdf Graphic file (type pdf)
<use 1.pdf, page 38>
Package pdftex.def Info: 1.pdf , page38 used on input line 1275.
(pdftex.def)             Requested size: 614.58406pt x 795.3441pt.
File: 1.pdf Graphic file (type pdf)
<use 1.pdf, page 38>
Package pdftex.def Info: 1.pdf , page38 used on input line 1275.
(pdftex.def)             Requested size: 614.58406pt x 795.3441pt.
 [41

 <./1.pdf>]
<1.pdf, id=904, page=39, 614.295pt x 794.97pt>
File: 1.pdf Graphic file (type pdf)
<use 1.pdf, page 39>
Package pdftex.def Info: 1.pdf , page39 used on input line 1275.
(pdftex.def)             Requested size: 614.58406pt x 795.3441pt.
File: 1.pdf Graphic file (type pdf)
<use 1.pdf, page 39>
Package pdftex.def Info: 1.pdf , page39 used on input line 1275.
(pdftex.def)             Requested size: 614.58406pt x 795.3441pt.
File: 1.pdf Graphic file (type pdf)
<use 1.pdf, page 39>
Package pdftex.def Info: 1.pdf , page39 used on input line 1275.
(pdftex.def)             Requested size: 614.58406pt x 795.3441pt.
 [42

 <./1.pdf>]
<1.pdf, id=909, page=40, 614.295pt x 794.97pt>
File: 1.pdf Graphic file (type pdf)
<use 1.pdf, page 40>
Package pdftex.def Info: 1.pdf , page40 used on input line 1275.
(pdftex.def)             Requested size: 614.58406pt x 795.3441pt.
File: 1.pdf Graphic file (type pdf)
<use 1.pdf, page 40>
Package pdftex.def Info: 1.pdf , page40 used on input line 1275.
(pdftex.def)             Requested size: 614.58406pt x 795.3441pt.
File: 1.pdf Graphic file (type pdf)
<use 1.pdf, page 40>
Package pdftex.def Info: 1.pdf , page40 used on input line 1275.
(pdftex.def)             Requested size: 614.58406pt x 795.3441pt.
 [43

 <./1.pdf>]
<1.pdf, id=915, page=41, 614.295pt x 794.97pt>
File: 1.pdf Graphic file (type pdf)
<use 1.pdf, page 41>
Package pdftex.def Info: 1.pdf , page41 used on input line 1275.
(pdftex.def)             Requested size: 614.58406pt x 795.3441pt.
File: 1.pdf Graphic file (type pdf)
<use 1.pdf, page 41>
Package pdftex.def Info: 1.pdf , page41 used on input line 1275.
(pdftex.def)             Requested size: 614.58406pt x 795.3441pt.
File: 1.pdf Graphic file (type pdf)
<use 1.pdf, page 41>
Package pdftex.def Info: 1.pdf , page41 used on input line 1275.
(pdftex.def)             Requested size: 614.58406pt x 795.3441pt.
 [44

 <./1.pdf>]
<1.pdf, id=920, page=42, 614.295pt x 794.97pt>
File: 1.pdf Graphic file (type pdf)
<use 1.pdf, page 42>
Package pdftex.def Info: 1.pdf , page42 used on input line 1275.
(pdftex.def)             Requested size: 614.58406pt x 795.3441pt.
File: 1.pdf Graphic file (type pdf)
<use 1.pdf, page 42>
Package pdftex.def Info: 1.pdf , page42 used on input line 1275.
(pdftex.def)             Requested size: 614.58406pt x 795.3441pt.
File: 1.pdf Graphic file (type pdf)
<use 1.pdf, page 42>
Package pdftex.def Info: 1.pdf , page42 used on input line 1275.
(pdftex.def)             Requested size: 614.58406pt x 795.3441pt.
 [45

 <./1.pdf>]
<1.pdf, id=925, page=43, 614.295pt x 794.97pt>
File: 1.pdf Graphic file (type pdf)
<use 1.pdf, page 43>
Package pdftex.def Info: 1.pdf , page43 used on input line 1275.
(pdftex.def)             Requested size: 614.58406pt x 795.3441pt.
File: 1.pdf Graphic file (type pdf)
<use 1.pdf, page 43>
Package pdftex.def Info: 1.pdf , page43 used on input line 1275.
(pdftex.def)             Requested size: 614.58406pt x 795.3441pt.
File: 1.pdf Graphic file (type pdf)
<use 1.pdf, page 43>
Package pdftex.def Info: 1.pdf , page43 used on input line 1275.
(pdftex.def)             Requested size: 614.58406pt x 795.3441pt.
 [46

 <./1.pdf>]
<1.pdf, id=930, page=44, 614.295pt x 794.97pt>
File: 1.pdf Graphic file (type pdf)
<use 1.pdf, page 44>
Package pdftex.def Info: 1.pdf , page44 used on input line 1275.
(pdftex.def)             Requested size: 614.58406pt x 795.3441pt.
File: 1.pdf Graphic file (type pdf)
<use 1.pdf, page 44>
Package pdftex.def Info: 1.pdf , page44 used on input line 1275.
(pdftex.def)             Requested size: 614.58406pt x 795.3441pt.
File: 1.pdf Graphic file (type pdf)
<use 1.pdf, page 44>
Package pdftex.def Info: 1.pdf , page44 used on input line 1275.
(pdftex.def)             Requested size: 614.58406pt x 795.3441pt.
 [47

 <./1.pdf>]
<1.pdf, id=935, page=45, 614.295pt x 794.97pt>
File: 1.pdf Graphic file (type pdf)
<use 1.pdf, page 45>
Package pdftex.def Info: 1.pdf , page45 used on input line 1275.
(pdftex.def)             Requested size: 614.58406pt x 795.3441pt.
File: 1.pdf Graphic file (type pdf)
<use 1.pdf, page 45>
Package pdftex.def Info: 1.pdf , page45 used on input line 1275.
(pdftex.def)             Requested size: 614.58406pt x 795.3441pt.
File: 1.pdf Graphic file (type pdf)
<use 1.pdf, page 45>
Package pdftex.def Info: 1.pdf , page45 used on input line 1275.
(pdftex.def)             Requested size: 614.58406pt x 795.3441pt.
 [48

 <./1.pdf>]
<1.pdf, id=940, page=46, 614.295pt x 794.97pt>
File: 1.pdf Graphic file (type pdf)
<use 1.pdf, page 46>
Package pdftex.def Info: 1.pdf , page46 used on input line 1275.
(pdftex.def)             Requested size: 614.58406pt x 795.3441pt.
File: 1.pdf Graphic file (type pdf)
<use 1.pdf, page 46>
Package pdftex.def Info: 1.pdf , page46 used on input line 1275.
(pdftex.def)             Requested size: 614.58406pt x 795.3441pt.
File: 1.pdf Graphic file (type pdf)
<use 1.pdf, page 46>
Package pdftex.def Info: 1.pdf , page46 used on input line 1275.
(pdftex.def)             Requested size: 614.58406pt x 795.3441pt.
 [49

 <./1.pdf>]
<1.pdf, id=946, page=47, 614.295pt x 794.97pt>
File: 1.pdf Graphic file (type pdf)
<use 1.pdf, page 47>
Package pdftex.def Info: 1.pdf , page47 used on input line 1275.
(pdftex.def)             Requested size: 614.58406pt x 795.3441pt.
File: 1.pdf Graphic file (type pdf)
<use 1.pdf, page 47>
Package pdftex.def Info: 1.pdf , page47 used on input line 1275.
(pdftex.def)             Requested size: 614.58406pt x 795.3441pt.
File: 1.pdf Graphic file (type pdf)
<use 1.pdf, page 47>
Package pdftex.def Info: 1.pdf , page47 used on input line 1275.
(pdftex.def)             Requested size: 614.58406pt x 795.3441pt.
 [50

 <./1.pdf>]
<1.pdf, id=951, page=48, 614.295pt x 794.97pt>
File: 1.pdf Graphic file (type pdf)
<use 1.pdf, page 48>
Package pdftex.def Info: 1.pdf , page48 used on input line 1275.
(pdftex.def)             Requested size: 614.58406pt x 795.3441pt.
File: 1.pdf Graphic file (type pdf)
<use 1.pdf, page 48>
Package pdftex.def Info: 1.pdf , page48 used on input line 1275.
(pdftex.def)             Requested size: 614.58406pt x 795.3441pt.
File: 1.pdf Graphic file (type pdf)
<use 1.pdf, page 48>
Package pdftex.def Info: 1.pdf , page48 used on input line 1275.
(pdftex.def)             Requested size: 614.58406pt x 795.3441pt.
 [51

 <./1.pdf>]
<1.pdf, id=956, page=49, 614.295pt x 794.97pt>
File: 1.pdf Graphic file (type pdf)
<use 1.pdf, page 49>
Package pdftex.def Info: 1.pdf , page49 used on input line 1275.
(pdftex.def)             Requested size: 614.58406pt x 795.3441pt.
File: 1.pdf Graphic file (type pdf)
<use 1.pdf, page 49>
Package pdftex.def Info: 1.pdf , page49 used on input line 1275.
(pdftex.def)             Requested size: 614.58406pt x 795.3441pt.
File: 1.pdf Graphic file (type pdf)
<use 1.pdf, page 49>
Package pdftex.def Info: 1.pdf , page49 used on input line 1275.
(pdftex.def)             Requested size: 614.58406pt x 795.3441pt.
 [52

 <./1.pdf>]
<1.pdf, id=961, page=50, 614.295pt x 794.97pt>
File: 1.pdf Graphic file (type pdf)
<use 1.pdf, page 50>
Package pdftex.def Info: 1.pdf , page50 used on input line 1275.
(pdftex.def)             Requested size: 614.58406pt x 795.3441pt.
File: 1.pdf Graphic file (type pdf)
<use 1.pdf, page 50>
Package pdftex.def Info: 1.pdf , page50 used on input line 1275.
(pdftex.def)             Requested size: 614.58406pt x 795.3441pt.
File: 1.pdf Graphic file (type pdf)
<use 1.pdf, page 50>
Package pdftex.def Info: 1.pdf , page50 used on input line 1275.
(pdftex.def)             Requested size: 614.58406pt x 795.3441pt.
 [53

 <./1.pdf>]
<1.pdf, id=966, page=51, 614.295pt x 794.97pt>
File: 1.pdf Graphic file (type pdf)
<use 1.pdf, page 51>
Package pdftex.def Info: 1.pdf , page51 used on input line 1275.
(pdftex.def)             Requested size: 614.58406pt x 795.3441pt.
File: 1.pdf Graphic file (type pdf)
<use 1.pdf, page 51>
Package pdftex.def Info: 1.pdf , page51 used on input line 1275.
(pdftex.def)             Requested size: 614.58406pt x 795.3441pt.
File: 1.pdf Graphic file (type pdf)
<use 1.pdf, page 51>
Package pdftex.def Info: 1.pdf , page51 used on input line 1275.
(pdftex.def)             Requested size: 614.58406pt x 795.3441pt.
 [54

 <./1.pdf>]
<1.pdf, id=971, page=52, 614.295pt x 794.97pt>
File: 1.pdf Graphic file (type pdf)
<use 1.pdf, page 52>
Package pdftex.def Info: 1.pdf , page52 used on input line 1275.
(pdftex.def)             Requested size: 614.58406pt x 795.3441pt.
File: 1.pdf Graphic file (type pdf)
<use 1.pdf, page 52>
Package pdftex.def Info: 1.pdf , page52 used on input line 1275.
(pdftex.def)             Requested size: 614.58406pt x 795.3441pt.
File: 1.pdf Graphic file (type pdf)
<use 1.pdf, page 52>
Package pdftex.def Info: 1.pdf , page52 used on input line 1275.
(pdftex.def)             Requested size: 614.58406pt x 795.3441pt.
 [55

 <./1.pdf>]
<1.pdf, id=977, page=53, 614.295pt x 794.97pt>
File: 1.pdf Graphic file (type pdf)
<use 1.pdf, page 53>
Package pdftex.def Info: 1.pdf , page53 used on input line 1275.
(pdftex.def)             Requested size: 614.58406pt x 795.3441pt.
File: 1.pdf Graphic file (type pdf)
<use 1.pdf, page 53>
Package pdftex.def Info: 1.pdf , page53 used on input line 1275.
(pdftex.def)             Requested size: 614.58406pt x 795.3441pt.
File: 1.pdf Graphic file (type pdf)
<use 1.pdf, page 53>
Package pdftex.def Info: 1.pdf , page53 used on input line 1275.
(pdftex.def)             Requested size: 614.58406pt x 795.3441pt.
 [56

 <./1.pdf>]
<1.pdf, id=982, page=54, 614.295pt x 794.97pt>
File: 1.pdf Graphic file (type pdf)
<use 1.pdf, page 54>
Package pdftex.def Info: 1.pdf , page54 used on input line 1275.
(pdftex.def)             Requested size: 614.58406pt x 795.3441pt.
File: 1.pdf Graphic file (type pdf)
<use 1.pdf, page 54>
Package pdftex.def Info: 1.pdf , page54 used on input line 1275.
(pdftex.def)             Requested size: 614.58406pt x 795.3441pt.
File: 1.pdf Graphic file (type pdf)
<use 1.pdf, page 54>
Package pdftex.def Info: 1.pdf , page54 used on input line 1275.
(pdftex.def)             Requested size: 614.58406pt x 795.3441pt.
 [57

 <./1.pdf>]
<1.pdf, id=987, page=55, 614.295pt x 794.97pt>
File: 1.pdf Graphic file (type pdf)
<use 1.pdf, page 55>
Package pdftex.def Info: 1.pdf , page55 used on input line 1275.
(pdftex.def)             Requested size: 614.58406pt x 795.3441pt.
File: 1.pdf Graphic file (type pdf)
<use 1.pdf, page 55>
Package pdftex.def Info: 1.pdf , page55 used on input line 1275.
(pdftex.def)             Requested size: 614.58406pt x 795.3441pt.
File: 1.pdf Graphic file (type pdf)
<use 1.pdf, page 55>
Package pdftex.def Info: 1.pdf , page55 used on input line 1275.
(pdftex.def)             Requested size: 614.58406pt x 795.3441pt.
 [58

 <./1.pdf>]
<1.pdf, id=992, page=56, 614.295pt x 794.97pt>
File: 1.pdf Graphic file (type pdf)
<use 1.pdf, page 56>
Package pdftex.def Info: 1.pdf , page56 used on input line 1275.
(pdftex.def)             Requested size: 614.58406pt x 795.3441pt.
File: 1.pdf Graphic file (type pdf)
<use 1.pdf, page 56>
Package pdftex.def Info: 1.pdf , page56 used on input line 1275.
(pdftex.def)             Requested size: 614.58406pt x 795.3441pt.
File: 1.pdf Graphic file (type pdf)
<use 1.pdf, page 56>
Package pdftex.def Info: 1.pdf , page56 used on input line 1275.
(pdftex.def)             Requested size: 614.58406pt x 795.3441pt.
 [59

 <./1.pdf>]
<1.pdf, id=997, page=57, 614.295pt x 794.97pt>
File: 1.pdf Graphic file (type pdf)
<use 1.pdf, page 57>
Package pdftex.def Info: 1.pdf , page57 used on input line 1275.
(pdftex.def)             Requested size: 614.58406pt x 795.3441pt.
File: 1.pdf Graphic file (type pdf)
<use 1.pdf, page 57>
Package pdftex.def Info: 1.pdf , page57 used on input line 1275.
(pdftex.def)             Requested size: 614.58406pt x 795.3441pt.
File: 1.pdf Graphic file (type pdf)
<use 1.pdf, page 57>
Package pdftex.def Info: 1.pdf , page57 used on input line 1275.
(pdftex.def)             Requested size: 614.58406pt x 795.3441pt.
 [60

 <./1.pdf>]
<1.pdf, id=1002, page=58, 614.295pt x 794.97pt>
File: 1.pdf Graphic file (type pdf)
<use 1.pdf, page 58>
Package pdftex.def Info: 1.pdf , page58 used on input line 1275.
(pdftex.def)             Requested size: 614.58406pt x 795.3441pt.
File: 1.pdf Graphic file (type pdf)
<use 1.pdf, page 58>
Package pdftex.def Info: 1.pdf , page58 used on input line 1275.
(pdftex.def)             Requested size: 614.58406pt x 795.3441pt.
File: 1.pdf Graphic file (type pdf)
<use 1.pdf, page 58>
Package pdftex.def Info: 1.pdf , page58 used on input line 1275.
(pdftex.def)             Requested size: 614.58406pt x 795.3441pt.
 [61

 <./1.pdf>]
<1.pdf, id=1008, page=59, 614.295pt x 794.97pt>
File: 1.pdf Graphic file (type pdf)
<use 1.pdf, page 59>
Package pdftex.def Info: 1.pdf , page59 used on input line 1275.
(pdftex.def)             Requested size: 614.58406pt x 795.3441pt.
File: 1.pdf Graphic file (type pdf)
<use 1.pdf, page 59>
Package pdftex.def Info: 1.pdf , page59 used on input line 1275.
(pdftex.def)             Requested size: 614.58406pt x 795.3441pt.
File: 1.pdf Graphic file (type pdf)
<use 1.pdf, page 59>
Package pdftex.def Info: 1.pdf , page59 used on input line 1275.
(pdftex.def)             Requested size: 614.58406pt x 795.3441pt.
 [62

 <./1.pdf>]
<1.pdf, id=1014, page=60, 614.295pt x 794.97pt>
File: 1.pdf Graphic file (type pdf)
<use 1.pdf, page 60>
Package pdftex.def Info: 1.pdf , page60 used on input line 1275.
(pdftex.def)             Requested size: 614.58406pt x 795.3441pt.
File: 1.pdf Graphic file (type pdf)
<use 1.pdf, page 60>
Package pdftex.def Info: 1.pdf , page60 used on input line 1275.
(pdftex.def)             Requested size: 614.58406pt x 795.3441pt.
File: 1.pdf Graphic file (type pdf)
<use 1.pdf, page 60>
Package pdftex.def Info: 1.pdf , page60 used on input line 1275.
(pdftex.def)             Requested size: 614.58406pt x 795.3441pt.
 [63

 <./1.pdf>]
<1.pdf, id=1019, page=61, 614.295pt x 794.97pt>
File: 1.pdf Graphic file (type pdf)
<use 1.pdf, page 61>
Package pdftex.def Info: 1.pdf , page61 used on input line 1275.
(pdftex.def)             Requested size: 614.58406pt x 795.3441pt.
File: 1.pdf Graphic file (type pdf)
<use 1.pdf, page 61>
Package pdftex.def Info: 1.pdf , page61 used on input line 1275.
(pdftex.def)             Requested size: 614.58406pt x 795.3441pt.
File: 1.pdf Graphic file (type pdf)
<use 1.pdf, page 61>
Package pdftex.def Info: 1.pdf , page61 used on input line 1275.
(pdftex.def)             Requested size: 614.58406pt x 795.3441pt.
 [64

 <./1.pdf>]
<1.pdf, id=1024, page=62, 614.295pt x 794.97pt>
File: 1.pdf Graphic file (type pdf)
<use 1.pdf, page 62>
Package pdftex.def Info: 1.pdf , page62 used on input line 1275.
(pdftex.def)             Requested size: 614.58406pt x 795.3441pt.
File: 1.pdf Graphic file (type pdf)
<use 1.pdf, page 62>
Package pdftex.def Info: 1.pdf , page62 used on input line 1275.
(pdftex.def)             Requested size: 614.58406pt x 795.3441pt.
File: 1.pdf Graphic file (type pdf)
<use 1.pdf, page 62>
Package pdftex.def Info: 1.pdf , page62 used on input line 1275.
(pdftex.def)             Requested size: 614.58406pt x 795.3441pt.
 [65

 <./1.pdf>]
<1.pdf, id=1029, page=63, 614.295pt x 794.97pt>
File: 1.pdf Graphic file (type pdf)
<use 1.pdf, page 63>
Package pdftex.def Info: 1.pdf , page63 used on input line 1275.
(pdftex.def)             Requested size: 614.58406pt x 795.3441pt.
File: 1.pdf Graphic file (type pdf)
<use 1.pdf, page 63>
Package pdftex.def Info: 1.pdf , page63 used on input line 1275.
(pdftex.def)             Requested size: 614.58406pt x 795.3441pt.
File: 1.pdf Graphic file (type pdf)
<use 1.pdf, page 63>
Package pdftex.def Info: 1.pdf , page63 used on input line 1275.
(pdftex.def)             Requested size: 614.58406pt x 795.3441pt.
 [66

 <./1.pdf>]
<1.pdf, id=1034, page=64, 614.295pt x 794.97pt>
File: 1.pdf Graphic file (type pdf)
<use 1.pdf, page 64>
Package pdftex.def Info: 1.pdf , page64 used on input line 1275.
(pdftex.def)             Requested size: 614.58406pt x 795.3441pt.
File: 1.pdf Graphic file (type pdf)
<use 1.pdf, page 64>
Package pdftex.def Info: 1.pdf , page64 used on input line 1275.
(pdftex.def)             Requested size: 614.58406pt x 795.3441pt.
File: 1.pdf Graphic file (type pdf)
<use 1.pdf, page 64>
Package pdftex.def Info: 1.pdf , page64 used on input line 1275.
(pdftex.def)             Requested size: 614.58406pt x 795.3441pt.
 [67

 <./1.pdf>]
<1.pdf, id=1040, page=65, 614.295pt x 794.97pt>
File: 1.pdf Graphic file (type pdf)
<use 1.pdf, page 65>
Package pdftex.def Info: 1.pdf , page65 used on input line 1275.
(pdftex.def)             Requested size: 614.58406pt x 795.3441pt.
File: 1.pdf Graphic file (type pdf)
<use 1.pdf, page 65>
Package pdftex.def Info: 1.pdf , page65 used on input line 1275.
(pdftex.def)             Requested size: 614.58406pt x 795.3441pt.
File: 1.pdf Graphic file (type pdf)
<use 1.pdf, page 65>
Package pdftex.def Info: 1.pdf , page65 used on input line 1275.
(pdftex.def)             Requested size: 614.58406pt x 795.3441pt.
 [68

 <./1.pdf>]
<1.pdf, id=1045, page=66, 614.295pt x 794.97pt>
File: 1.pdf Graphic file (type pdf)
<use 1.pdf, page 66>
Package pdftex.def Info: 1.pdf , page66 used on input line 1275.
(pdftex.def)             Requested size: 614.58406pt x 795.3441pt.
File: 1.pdf Graphic file (type pdf)
<use 1.pdf, page 66>
Package pdftex.def Info: 1.pdf , page66 used on input line 1275.
(pdftex.def)             Requested size: 614.58406pt x 795.3441pt.
File: 1.pdf Graphic file (type pdf)
<use 1.pdf, page 66>
Package pdftex.def Info: 1.pdf , page66 used on input line 1275.
(pdftex.def)             Requested size: 614.58406pt x 795.3441pt.
 [69

 <./1.pdf>]
<1.pdf, id=1050, page=67, 614.295pt x 794.97pt>
File: 1.pdf Graphic file (type pdf)
<use 1.pdf, page 67>
Package pdftex.def Info: 1.pdf , page67 used on input line 1275.
(pdftex.def)             Requested size: 614.58406pt x 795.3441pt.
File: 1.pdf Graphic file (type pdf)
<use 1.pdf, page 67>
Package pdftex.def Info: 1.pdf , page67 used on input line 1275.
(pdftex.def)             Requested size: 614.58406pt x 795.3441pt.
File: 1.pdf Graphic file (type pdf)
<use 1.pdf, page 67>
Package pdftex.def Info: 1.pdf , page67 used on input line 1275.
(pdftex.def)             Requested size: 614.58406pt x 795.3441pt.
 [70

 <./1.pdf>]
<1.pdf, id=1055, page=68, 614.295pt x 794.97pt>
File: 1.pdf Graphic file (type pdf)
<use 1.pdf, page 68>
Package pdftex.def Info: 1.pdf , page68 used on input line 1275.
(pdftex.def)             Requested size: 614.58406pt x 795.3441pt.
File: 1.pdf Graphic file (type pdf)
<use 1.pdf, page 68>
Package pdftex.def Info: 1.pdf , page68 used on input line 1275.
(pdftex.def)             Requested size: 614.58406pt x 795.3441pt.
File: 1.pdf Graphic file (type pdf)
<use 1.pdf, page 68>
Package pdftex.def Info: 1.pdf , page68 used on input line 1275.
(pdftex.def)             Requested size: 614.58406pt x 795.3441pt.
 [71

 <./1.pdf>]
<1.pdf, id=1060, page=69, 614.295pt x 794.97pt>
File: 1.pdf Graphic file (type pdf)
<use 1.pdf, page 69>
Package pdftex.def Info: 1.pdf , page69 used on input line 1275.
(pdftex.def)             Requested size: 614.58406pt x 795.3441pt.
File: 1.pdf Graphic file (type pdf)
<use 1.pdf, page 69>
Package pdftex.def Info: 1.pdf , page69 used on input line 1275.
(pdftex.def)             Requested size: 614.58406pt x 795.3441pt.
File: 1.pdf Graphic file (type pdf)
<use 1.pdf, page 69>
Package pdftex.def Info: 1.pdf , page69 used on input line 1275.
(pdftex.def)             Requested size: 614.58406pt x 795.3441pt.
 [72

 <./1.pdf>]
<1.pdf, id=1065, page=70, 614.295pt x 794.97pt>
File: 1.pdf Graphic file (type pdf)
<use 1.pdf, page 70>
Package pdftex.def Info: 1.pdf , page70 used on input line 1275.
(pdftex.def)             Requested size: 614.58406pt x 795.3441pt.
File: 1.pdf Graphic file (type pdf)
<use 1.pdf, page 70>
Package pdftex.def Info: 1.pdf , page70 used on input line 1275.
(pdftex.def)             Requested size: 614.58406pt x 795.3441pt.
File: 1.pdf Graphic file (type pdf)
<use 1.pdf, page 70>
Package pdftex.def Info: 1.pdf , page70 used on input line 1275.
(pdftex.def)             Requested size: 614.58406pt x 795.3441pt.
 [73

 <./1.pdf>]
<1.pdf, id=1071, page=71, 614.295pt x 794.97pt>
File: 1.pdf Graphic file (type pdf)
<use 1.pdf, page 71>
Package pdftex.def Info: 1.pdf , page71 used on input line 1275.
(pdftex.def)             Requested size: 614.58406pt x 795.3441pt.
File: 1.pdf Graphic file (type pdf)
<use 1.pdf, page 71>
Package pdftex.def Info: 1.pdf , page71 used on input line 1275.
(pdftex.def)             Requested size: 614.58406pt x 795.3441pt.
File: 1.pdf Graphic file (type pdf)
<use 1.pdf, page 71>
Package pdftex.def Info: 1.pdf , page71 used on input line 1275.
(pdftex.def)             Requested size: 614.58406pt x 795.3441pt.
 [74

 <./1.pdf>]
<1.pdf, id=1076, page=72, 614.295pt x 794.97pt>
File: 1.pdf Graphic file (type pdf)
<use 1.pdf, page 72>
Package pdftex.def Info: 1.pdf , page72 used on input line 1275.
(pdftex.def)             Requested size: 614.58406pt x 795.3441pt.
File: 1.pdf Graphic file (type pdf)
<use 1.pdf, page 72>
Package pdftex.def Info: 1.pdf , page72 used on input line 1275.
(pdftex.def)             Requested size: 614.58406pt x 795.3441pt.
File: 1.pdf Graphic file (type pdf)
<use 1.pdf, page 72>
Package pdftex.def Info: 1.pdf , page72 used on input line 1275.
(pdftex.def)             Requested size: 614.58406pt x 795.3441pt.
 [75

 <./1.pdf>]
<1.pdf, id=1081, page=73, 614.295pt x 794.97pt>
File: 1.pdf Graphic file (type pdf)
<use 1.pdf, page 73>
Package pdftex.def Info: 1.pdf , page73 used on input line 1275.
(pdftex.def)             Requested size: 614.58406pt x 795.3441pt.
File: 1.pdf Graphic file (type pdf)
<use 1.pdf, page 73>
Package pdftex.def Info: 1.pdf , page73 used on input line 1275.
(pdftex.def)             Requested size: 614.58406pt x 795.3441pt.
File: 1.pdf Graphic file (type pdf)
<use 1.pdf, page 73>
Package pdftex.def Info: 1.pdf , page73 used on input line 1275.
(pdftex.def)             Requested size: 614.58406pt x 795.3441pt.
 [76

 <./1.pdf>]
<1.pdf, id=1086, page=74, 614.295pt x 794.97pt>
File: 1.pdf Graphic file (type pdf)
<use 1.pdf, page 74>
Package pdftex.def Info: 1.pdf , page74 used on input line 1275.
(pdftex.def)             Requested size: 614.58406pt x 795.3441pt.
File: 1.pdf Graphic file (type pdf)
<use 1.pdf, page 74>
Package pdftex.def Info: 1.pdf , page74 used on input line 1275.
(pdftex.def)             Requested size: 614.58406pt x 795.3441pt.
File: 1.pdf Graphic file (type pdf)
<use 1.pdf, page 74>
Package pdftex.def Info: 1.pdf , page74 used on input line 1275.
(pdftex.def)             Requested size: 614.58406pt x 795.3441pt.
 [77

 <./1.pdf>]
<1.pdf, id=1091, page=75, 614.295pt x 794.97pt>
File: 1.pdf Graphic file (type pdf)
<use 1.pdf, page 75>
Package pdftex.def Info: 1.pdf , page75 used on input line 1275.
(pdftex.def)             Requested size: 614.58406pt x 795.3441pt.
File: 1.pdf Graphic file (type pdf)
<use 1.pdf, page 75>
Package pdftex.def Info: 1.pdf , page75 used on input line 1275.
(pdftex.def)             Requested size: 614.58406pt x 795.3441pt.
File: 1.pdf Graphic file (type pdf)
<use 1.pdf, page 75>
Package pdftex.def Info: 1.pdf , page75 used on input line 1275.
(pdftex.def)             Requested size: 614.58406pt x 795.3441pt.
 [78

 <./1.pdf>]
<1.pdf, id=1096, page=76, 614.295pt x 794.97pt>
File: 1.pdf Graphic file (type pdf)
<use 1.pdf, page 76>
Package pdftex.def Info: 1.pdf , page76 used on input line 1275.
(pdftex.def)             Requested size: 614.58406pt x 795.3441pt.
File: 1.pdf Graphic file (type pdf)
<use 1.pdf, page 76>
Package pdftex.def Info: 1.pdf , page76 used on input line 1275.
(pdftex.def)             Requested size: 614.58406pt x 795.3441pt.
File: 1.pdf Graphic file (type pdf)
<use 1.pdf, page 76>
Package pdftex.def Info: 1.pdf , page76 used on input line 1275.
(pdftex.def)             Requested size: 614.58406pt x 795.3441pt.
 [79

 <./1.pdf>]
<1.pdf, id=1102, page=77, 614.295pt x 794.97pt>
File: 1.pdf Graphic file (type pdf)
<use 1.pdf, page 77>
Package pdftex.def Info: 1.pdf , page77 used on input line 1275.
(pdftex.def)             Requested size: 614.58406pt x 795.3441pt.
File: 1.pdf Graphic file (type pdf)
<use 1.pdf, page 77>
Package pdftex.def Info: 1.pdf , page77 used on input line 1275.
(pdftex.def)             Requested size: 614.58406pt x 795.3441pt.
File: 1.pdf Graphic file (type pdf)
<use 1.pdf, page 77>
Package pdftex.def Info: 1.pdf , page77 used on input line 1275.
(pdftex.def)             Requested size: 614.58406pt x 795.3441pt.
 [80

 <./1.pdf>]
<1.pdf, id=1107, page=78, 614.295pt x 794.97pt>
File: 1.pdf Graphic file (type pdf)
<use 1.pdf, page 78>
Package pdftex.def Info: 1.pdf , page78 used on input line 1275.
(pdftex.def)             Requested size: 614.58406pt x 795.3441pt.
File: 1.pdf Graphic file (type pdf)
<use 1.pdf, page 78>
Package pdftex.def Info: 1.pdf , page78 used on input line 1275.
(pdftex.def)             Requested size: 614.58406pt x 795.3441pt.
File: 1.pdf Graphic file (type pdf)
<use 1.pdf, page 78>
Package pdftex.def Info: 1.pdf , page78 used on input line 1275.
(pdftex.def)             Requested size: 614.58406pt x 795.3441pt.
 [81

 <./1.pdf>]
<1.pdf, id=1112, page=79, 614.295pt x 794.97pt>
File: 1.pdf Graphic file (type pdf)
<use 1.pdf, page 79>
Package pdftex.def Info: 1.pdf , page79 used on input line 1275.
(pdftex.def)             Requested size: 614.58406pt x 795.3441pt.
File: 1.pdf Graphic file (type pdf)
<use 1.pdf, page 79>
Package pdftex.def Info: 1.pdf , page79 used on input line 1275.
(pdftex.def)             Requested size: 614.58406pt x 795.3441pt.
File: 1.pdf Graphic file (type pdf)
<use 1.pdf, page 79>
Package pdftex.def Info: 1.pdf , page79 used on input line 1275.
(pdftex.def)             Requested size: 614.58406pt x 795.3441pt.
 [82

 <./1.pdf>]
<1.pdf, id=1117, page=80, 614.295pt x 794.97pt>
File: 1.pdf Graphic file (type pdf)
<use 1.pdf, page 80>
Package pdftex.def Info: 1.pdf , page80 used on input line 1275.
(pdftex.def)             Requested size: 614.58406pt x 795.3441pt.
File: 1.pdf Graphic file (type pdf)
<use 1.pdf, page 80>
Package pdftex.def Info: 1.pdf , page80 used on input line 1275.
(pdftex.def)             Requested size: 614.58406pt x 795.3441pt.
File: 1.pdf Graphic file (type pdf)
<use 1.pdf, page 80>
Package pdftex.def Info: 1.pdf , page80 used on input line 1275.
(pdftex.def)             Requested size: 614.58406pt x 795.3441pt.
 [83

 <./1.pdf>]
<1.pdf, id=1122, page=81, 614.295pt x 794.97pt>
File: 1.pdf Graphic file (type pdf)
<use 1.pdf, page 81>
Package pdftex.def Info: 1.pdf , page81 used on input line 1275.
(pdftex.def)             Requested size: 614.58406pt x 795.3441pt.
File: 1.pdf Graphic file (type pdf)
<use 1.pdf, page 81>
Package pdftex.def Info: 1.pdf , page81 used on input line 1275.
(pdftex.def)             Requested size: 614.58406pt x 795.3441pt.
File: 1.pdf Graphic file (type pdf)
<use 1.pdf, page 81>
Package pdftex.def Info: 1.pdf , page81 used on input line 1275.
(pdftex.def)             Requested size: 614.58406pt x 795.3441pt.
 [84

 <./1.pdf>]
<1.pdf, id=1127, page=82, 614.295pt x 794.97pt>
File: 1.pdf Graphic file (type pdf)
<use 1.pdf, page 82>
Package pdftex.def Info: 1.pdf , page82 used on input line 1275.
(pdftex.def)             Requested size: 614.58406pt x 795.3441pt.
File: 1.pdf Graphic file (type pdf)
<use 1.pdf, page 82>
Package pdftex.def Info: 1.pdf , page82 used on input line 1275.
(pdftex.def)             Requested size: 614.58406pt x 795.3441pt.
File: 1.pdf Graphic file (type pdf)
<use 1.pdf, page 82>
Package pdftex.def Info: 1.pdf , page82 used on input line 1275.
(pdftex.def)             Requested size: 614.58406pt x 795.3441pt.
 [85

 <./1.pdf>]
<1.pdf, id=1133, page=83, 614.295pt x 794.97pt>
File: 1.pdf Graphic file (type pdf)
<use 1.pdf, page 83>
Package pdftex.def Info: 1.pdf , page83 used on input line 1275.
(pdftex.def)             Requested size: 614.58406pt x 795.3441pt.
File: 1.pdf Graphic file (type pdf)
<use 1.pdf, page 83>
Package pdftex.def Info: 1.pdf , page83 used on input line 1275.
(pdftex.def)             Requested size: 614.58406pt x 795.3441pt.
File: 1.pdf Graphic file (type pdf)
<use 1.pdf, page 83>
Package pdftex.def Info: 1.pdf , page83 used on input line 1275.
(pdftex.def)             Requested size: 614.58406pt x 795.3441pt.
 [86

 <./1.pdf>]
<1.pdf, id=1138, page=84, 614.295pt x 794.97pt>
File: 1.pdf Graphic file (type pdf)
<use 1.pdf, page 84>
Package pdftex.def Info: 1.pdf , page84 used on input line 1275.
(pdftex.def)             Requested size: 614.58406pt x 795.3441pt.
File: 1.pdf Graphic file (type pdf)
<use 1.pdf, page 84>
Package pdftex.def Info: 1.pdf , page84 used on input line 1275.
(pdftex.def)             Requested size: 614.58406pt x 795.3441pt.
File: 1.pdf Graphic file (type pdf)
<use 1.pdf, page 84>
Package pdftex.def Info: 1.pdf , page84 used on input line 1275.
(pdftex.def)             Requested size: 614.58406pt x 795.3441pt.
 [87

 <./1.pdf>]
<1.pdf, id=1143, page=85, 614.295pt x 794.97pt>
File: 1.pdf Graphic file (type pdf)
<use 1.pdf, page 85>
Package pdftex.def Info: 1.pdf , page85 used on input line 1275.
(pdftex.def)             Requested size: 614.58406pt x 795.3441pt.
File: 1.pdf Graphic file (type pdf)
<use 1.pdf, page 85>
Package pdftex.def Info: 1.pdf , page85 used on input line 1275.
(pdftex.def)             Requested size: 614.58406pt x 795.3441pt.
File: 1.pdf Graphic file (type pdf)
<use 1.pdf, page 85>
Package pdftex.def Info: 1.pdf , page85 used on input line 1275.
(pdftex.def)             Requested size: 614.58406pt x 795.3441pt.
 [88

 <./1.pdf>]
<1.pdf, id=1148, page=86, 614.295pt x 794.97pt>
File: 1.pdf Graphic file (type pdf)
<use 1.pdf, page 86>
Package pdftex.def Info: 1.pdf , page86 used on input line 1275.
(pdftex.def)             Requested size: 614.58406pt x 795.3441pt.
File: 1.pdf Graphic file (type pdf)
<use 1.pdf, page 86>
Package pdftex.def Info: 1.pdf , page86 used on input line 1275.
(pdftex.def)             Requested size: 614.58406pt x 795.3441pt.
File: 1.pdf Graphic file (type pdf)
<use 1.pdf, page 86>
Package pdftex.def Info: 1.pdf , page86 used on input line 1275.
(pdftex.def)             Requested size: 614.58406pt x 795.3441pt.
 [89

 <./1.pdf>]
<1.pdf, id=1153, page=87, 614.295pt x 794.97pt>
File: 1.pdf Graphic file (type pdf)
<use 1.pdf, page 87>
Package pdftex.def Info: 1.pdf , page87 used on input line 1275.
(pdftex.def)             Requested size: 614.58406pt x 795.3441pt.
File: 1.pdf Graphic file (type pdf)
<use 1.pdf, page 87>
Package pdftex.def Info: 1.pdf , page87 used on input line 1275.
(pdftex.def)             Requested size: 614.58406pt x 795.3441pt.
File: 1.pdf Graphic file (type pdf)
<use 1.pdf, page 87>
Package pdftex.def Info: 1.pdf , page87 used on input line 1275.
(pdftex.def)             Requested size: 614.58406pt x 795.3441pt.
 [90

 <./1.pdf>]
<1.pdf, id=1158, page=88, 614.295pt x 794.97pt>
File: 1.pdf Graphic file (type pdf)
<use 1.pdf, page 88>
Package pdftex.def Info: 1.pdf , page88 used on input line 1275.
(pdftex.def)             Requested size: 614.58406pt x 795.3441pt.
File: 1.pdf Graphic file (type pdf)
<use 1.pdf, page 88>
Package pdftex.def Info: 1.pdf , page88 used on input line 1275.
(pdftex.def)             Requested size: 614.58406pt x 795.3441pt.
File: 1.pdf Graphic file (type pdf)
<use 1.pdf, page 88>
Package pdftex.def Info: 1.pdf , page88 used on input line 1275.
(pdftex.def)             Requested size: 614.58406pt x 795.3441pt.
 [91

 <./1.pdf>]
<1.pdf, id=1164, page=89, 614.295pt x 794.97pt>
File: 1.pdf Graphic file (type pdf)
<use 1.pdf, page 89>
Package pdftex.def Info: 1.pdf , page89 used on input line 1275.
(pdftex.def)             Requested size: 614.58406pt x 795.3441pt.
File: 1.pdf Graphic file (type pdf)
<use 1.pdf, page 89>
Package pdftex.def Info: 1.pdf , page89 used on input line 1275.
(pdftex.def)             Requested size: 614.58406pt x 795.3441pt.
File: 1.pdf Graphic file (type pdf)
<use 1.pdf, page 89>
Package pdftex.def Info: 1.pdf , page89 used on input line 1275.
(pdftex.def)             Requested size: 614.58406pt x 795.3441pt.
 [92

 <./1.pdf>]
<1.pdf, id=1169, page=90, 614.295pt x 794.97pt>
File: 1.pdf Graphic file (type pdf)
<use 1.pdf, page 90>
Package pdftex.def Info: 1.pdf , page90 used on input line 1275.
(pdftex.def)             Requested size: 614.58406pt x 795.3441pt.
File: 1.pdf Graphic file (type pdf)
<use 1.pdf, page 90>
Package pdftex.def Info: 1.pdf , page90 used on input line 1275.
(pdftex.def)             Requested size: 614.58406pt x 795.3441pt.
File: 1.pdf Graphic file (type pdf)
<use 1.pdf, page 90>
Package pdftex.def Info: 1.pdf , page90 used on input line 1275.
(pdftex.def)             Requested size: 614.58406pt x 795.3441pt.
 [93

 <./1.pdf>]
<1.pdf, id=1174, page=91, 614.295pt x 794.97pt>
File: 1.pdf Graphic file (type pdf)
<use 1.pdf, page 91>
Package pdftex.def Info: 1.pdf , page91 used on input line 1275.
(pdftex.def)             Requested size: 614.58406pt x 795.3441pt.
File: 1.pdf Graphic file (type pdf)
<use 1.pdf, page 91>
Package pdftex.def Info: 1.pdf , page91 used on input line 1275.
(pdftex.def)             Requested size: 614.58406pt x 795.3441pt.
File: 1.pdf Graphic file (type pdf)
<use 1.pdf, page 91>
Package pdftex.def Info: 1.pdf , page91 used on input line 1275.
(pdftex.def)             Requested size: 614.58406pt x 795.3441pt.
 [94

 <./1.pdf>]
<1.pdf, id=1179, page=92, 614.295pt x 794.97pt>
File: 1.pdf Graphic file (type pdf)
<use 1.pdf, page 92>
Package pdftex.def Info: 1.pdf , page92 used on input line 1275.
(pdftex.def)             Requested size: 614.58406pt x 795.3441pt.
File: 1.pdf Graphic file (type pdf)
<use 1.pdf, page 92>
Package pdftex.def Info: 1.pdf , page92 used on input line 1275.
(pdftex.def)             Requested size: 614.58406pt x 795.3441pt.
File: 1.pdf Graphic file (type pdf)
<use 1.pdf, page 92>
Package pdftex.def Info: 1.pdf , page92 used on input line 1275.
(pdftex.def)             Requested size: 614.58406pt x 795.3441pt.
 [95

 <./1.pdf>]
<1.pdf, id=1185, page=93, 614.295pt x 794.97pt>
File: 1.pdf Graphic file (type pdf)
<use 1.pdf, page 93>
Package pdftex.def Info: 1.pdf , page93 used on input line 1275.
(pdftex.def)             Requested size: 614.58406pt x 795.3441pt.
File: 1.pdf Graphic file (type pdf)
<use 1.pdf, page 93>
Package pdftex.def Info: 1.pdf , page93 used on input line 1275.
(pdftex.def)             Requested size: 614.58406pt x 795.3441pt.
File: 1.pdf Graphic file (type pdf)
<use 1.pdf, page 93>
Package pdftex.def Info: 1.pdf , page93 used on input line 1275.
(pdftex.def)             Requested size: 614.58406pt x 795.3441pt.
 [96

 <./1.pdf>]
<1.pdf, id=1190, page=94, 614.295pt x 794.97pt>
File: 1.pdf Graphic file (type pdf)
<use 1.pdf, page 94>
Package pdftex.def Info: 1.pdf , page94 used on input line 1275.
(pdftex.def)             Requested size: 614.58406pt x 795.3441pt.
File: 1.pdf Graphic file (type pdf)
<use 1.pdf, page 94>
Package pdftex.def Info: 1.pdf , page94 used on input line 1275.
(pdftex.def)             Requested size: 614.58406pt x 795.3441pt.
File: 1.pdf Graphic file (type pdf)
<use 1.pdf, page 94>
Package pdftex.def Info: 1.pdf , page94 used on input line 1275.
(pdftex.def)             Requested size: 614.58406pt x 795.3441pt.
 [97

 <./1.pdf>]
<1.pdf, id=1196, page=95, 614.295pt x 794.97pt>
File: 1.pdf Graphic file (type pdf)
<use 1.pdf, page 95>
Package pdftex.def Info: 1.pdf , page95 used on input line 1275.
(pdftex.def)             Requested size: 614.58406pt x 795.3441pt.
File: 1.pdf Graphic file (type pdf)
<use 1.pdf, page 95>
Package pdftex.def Info: 1.pdf , page95 used on input line 1275.
(pdftex.def)             Requested size: 614.58406pt x 795.3441pt.
File: 1.pdf Graphic file (type pdf)
<use 1.pdf, page 95>
Package pdftex.def Info: 1.pdf , page95 used on input line 1275.
(pdftex.def)             Requested size: 614.58406pt x 795.3441pt.
 [98

 <./1.pdf>]
<1.pdf, id=1201, page=96, 614.295pt x 794.97pt>
File: 1.pdf Graphic file (type pdf)
<use 1.pdf, page 96>
Package pdftex.def Info: 1.pdf , page96 used on input line 1275.
(pdftex.def)             Requested size: 614.58406pt x 795.3441pt.
File: 1.pdf Graphic file (type pdf)
<use 1.pdf, page 96>
Package pdftex.def Info: 1.pdf , page96 used on input line 1275.
(pdftex.def)             Requested size: 614.58406pt x 795.3441pt.
File: 1.pdf Graphic file (type pdf)
<use 1.pdf, page 96>
Package pdftex.def Info: 1.pdf , page96 used on input line 1275.
(pdftex.def)             Requested size: 614.58406pt x 795.3441pt.
 [99

 <./1.pdf>]
<1.pdf, id=1206, page=97, 614.295pt x 794.97pt>
File: 1.pdf Graphic file (type pdf)
<use 1.pdf, page 97>
Package pdftex.def Info: 1.pdf , page97 used on input line 1275.
(pdftex.def)             Requested size: 614.58406pt x 795.3441pt.
File: 1.pdf Graphic file (type pdf)
<use 1.pdf, page 97>
Package pdftex.def Info: 1.pdf , page97 used on input line 1275.
(pdftex.def)             Requested size: 614.58406pt x 795.3441pt.
File: 1.pdf Graphic file (type pdf)
<use 1.pdf, page 97>
Package pdftex.def Info: 1.pdf , page97 used on input line 1275.
(pdftex.def)             Requested size: 614.58406pt x 795.3441pt.
 [100

 <./1.pdf>]
<1.pdf, id=1211, page=98, 614.295pt x 794.97pt>
File: 1.pdf Graphic file (type pdf)
<use 1.pdf, page 98>
Package pdftex.def Info: 1.pdf , page98 used on input line 1275.
(pdftex.def)             Requested size: 614.58406pt x 795.3441pt.
File: 1.pdf Graphic file (type pdf)
<use 1.pdf, page 98>
Package pdftex.def Info: 1.pdf , page98 used on input line 1275.
(pdftex.def)             Requested size: 614.58406pt x 795.3441pt.
File: 1.pdf Graphic file (type pdf)
<use 1.pdf, page 98>
Package pdftex.def Info: 1.pdf , page98 used on input line 1275.
(pdftex.def)             Requested size: 614.58406pt x 795.3441pt.
 [101

 <./1.pdf>]
<1.pdf, id=1216, page=99, 614.295pt x 794.97pt>
File: 1.pdf Graphic file (type pdf)
<use 1.pdf, page 99>
Package pdftex.def Info: 1.pdf , page99 used on input line 1275.
(pdftex.def)             Requested size: 614.58406pt x 795.3441pt.
File: 1.pdf Graphic file (type pdf)
<use 1.pdf, page 99>
Package pdftex.def Info: 1.pdf , page99 used on input line 1275.
(pdftex.def)             Requested size: 614.58406pt x 795.3441pt.
File: 1.pdf Graphic file (type pdf)
<use 1.pdf, page 99>
Package pdftex.def Info: 1.pdf , page99 used on input line 1275.
(pdftex.def)             Requested size: 614.58406pt x 795.3441pt.
 [102

 <./1.pdf>]
<1.pdf, id=1221, page=100, 614.295pt x 794.97pt>
File: 1.pdf Graphic file (type pdf)
<use 1.pdf, page 100>
Package pdftex.def Info: 1.pdf , page100 used on input line 1275.
(pdftex.def)             Requested size: 614.58406pt x 795.3441pt.
File: 1.pdf Graphic file (type pdf)
<use 1.pdf, page 100>
Package pdftex.def Info: 1.pdf , page100 used on input line 1275.
(pdftex.def)             Requested size: 614.58406pt x 795.3441pt.
File: 1.pdf Graphic file (type pdf)
<use 1.pdf, page 100>
Package pdftex.def Info: 1.pdf , page100 used on input line 1275.
(pdftex.def)             Requested size: 614.58406pt x 795.3441pt.
 [103

 <./1.pdf>]
<1.pdf, id=1227, page=101, 614.295pt x 794.97pt>
File: 1.pdf Graphic file (type pdf)
<use 1.pdf, page 101>
Package pdftex.def Info: 1.pdf , page101 used on input line 1275.
(pdftex.def)             Requested size: 614.58406pt x 795.3441pt.
File: 1.pdf Graphic file (type pdf)
<use 1.pdf, page 101>
Package pdftex.def Info: 1.pdf , page101 used on input line 1275.
(pdftex.def)             Requested size: 614.58406pt x 795.3441pt.
File: 1.pdf Graphic file (type pdf)
<use 1.pdf, page 101>
Package pdftex.def Info: 1.pdf , page101 used on input line 1275.
(pdftex.def)             Requested size: 614.58406pt x 795.3441pt.
 [104

 <./1.pdf>]
<1.pdf, id=1232, page=102, 614.295pt x 794.97pt>
File: 1.pdf Graphic file (type pdf)
<use 1.pdf, page 102>
Package pdftex.def Info: 1.pdf , page102 used on input line 1275.
(pdftex.def)             Requested size: 614.58406pt x 795.3441pt.
File: 1.pdf Graphic file (type pdf)
<use 1.pdf, page 102>
Package pdftex.def Info: 1.pdf , page102 used on input line 1275.
(pdftex.def)             Requested size: 614.58406pt x 795.3441pt.
File: 1.pdf Graphic file (type pdf)
<use 1.pdf, page 102>
Package pdftex.def Info: 1.pdf , page102 used on input line 1275.
(pdftex.def)             Requested size: 614.58406pt x 795.3441pt.
 [105

 <./1.pdf>]
<1.pdf, id=1237, page=103, 614.295pt x 794.97pt>
File: 1.pdf Graphic file (type pdf)
<use 1.pdf, page 103>
Package pdftex.def Info: 1.pdf , page103 used on input line 1275.
(pdftex.def)             Requested size: 614.58406pt x 795.3441pt.
File: 1.pdf Graphic file (type pdf)
<use 1.pdf, page 103>
Package pdftex.def Info: 1.pdf , page103 used on input line 1275.
(pdftex.def)             Requested size: 614.58406pt x 795.3441pt.
File: 1.pdf Graphic file (type pdf)
<use 1.pdf, page 103>
Package pdftex.def Info: 1.pdf , page103 used on input line 1275.
(pdftex.def)             Requested size: 614.58406pt x 795.3441pt.
 [106

 <./1.pdf>]
<1.pdf, id=1242, page=104, 614.295pt x 794.97pt>
File: 1.pdf Graphic file (type pdf)
<use 1.pdf, page 104>
Package pdftex.def Info: 1.pdf , page104 used on input line 1275.
(pdftex.def)             Requested size: 614.58406pt x 795.3441pt.
File: 1.pdf Graphic file (type pdf)
<use 1.pdf, page 104>
Package pdftex.def Info: 1.pdf , page104 used on input line 1275.
(pdftex.def)             Requested size: 614.58406pt x 795.3441pt.
File: 1.pdf Graphic file (type pdf)
<use 1.pdf, page 104>
Package pdftex.def Info: 1.pdf , page104 used on input line 1275.
(pdftex.def)             Requested size: 614.58406pt x 795.3441pt.
 [107

 <./1.pdf>]
<1.pdf, id=1247, page=105, 614.295pt x 794.97pt>
File: 1.pdf Graphic file (type pdf)
<use 1.pdf, page 105>
Package pdftex.def Info: 1.pdf , page105 used on input line 1275.
(pdftex.def)             Requested size: 614.58406pt x 795.3441pt.
File: 1.pdf Graphic file (type pdf)
<use 1.pdf, page 105>
Package pdftex.def Info: 1.pdf , page105 used on input line 1275.
(pdftex.def)             Requested size: 614.58406pt x 795.3441pt.
File: 1.pdf Graphic file (type pdf)
<use 1.pdf, page 105>
Package pdftex.def Info: 1.pdf , page105 used on input line 1275.
(pdftex.def)             Requested size: 614.58406pt x 795.3441pt.
 [108

 <./1.pdf>]
<1.pdf, id=1252, page=106, 614.295pt x 794.97pt>
File: 1.pdf Graphic file (type pdf)
<use 1.pdf, page 106>
Package pdftex.def Info: 1.pdf , page106 used on input line 1275.
(pdftex.def)             Requested size: 614.58406pt x 795.3441pt.
File: 1.pdf Graphic file (type pdf)
<use 1.pdf, page 106>
Package pdftex.def Info: 1.pdf , page106 used on input line 1275.
(pdftex.def)             Requested size: 614.58406pt x 795.3441pt.
File: 1.pdf Graphic file (type pdf)
<use 1.pdf, page 106>
Package pdftex.def Info: 1.pdf , page106 used on input line 1275.
(pdftex.def)             Requested size: 614.58406pt x 795.3441pt.
 [109

 <./1.pdf>]
<1.pdf, id=1258, page=107, 614.295pt x 794.97pt>
File: 1.pdf Graphic file (type pdf)
<use 1.pdf, page 107>
Package pdftex.def Info: 1.pdf , page107 used on input line 1275.
(pdftex.def)             Requested size: 614.58406pt x 795.3441pt.
File: 1.pdf Graphic file (type pdf)
<use 1.pdf, page 107>
Package pdftex.def Info: 1.pdf , page107 used on input line 1275.
(pdftex.def)             Requested size: 614.58406pt x 795.3441pt.
File: 1.pdf Graphic file (type pdf)
<use 1.pdf, page 107>
Package pdftex.def Info: 1.pdf , page107 used on input line 1275.
(pdftex.def)             Requested size: 614.58406pt x 795.3441pt.
 [110

 <./1.pdf>] 
enddocument/afterlastpage: lastpage setting LastPage.
(./Êï∞Â≠¶Âª∫Ê®°.aux)
 ***********
LaTeX2e <2023-11-01> patch level 1
L3 programming layer <2022/07/14>
 ***********


LaTeX Font Warning: Size substitutions with differences
(Font)              up to 0.41063pt have occurred.


LaTeX Warning: There were multiply-defined labels.

Package rerunfilecheck Info: File `Êï∞Â≠¶Âª∫Ê®°.out' has not changed.
(rerunfilecheck)             Checksum: 3ABC6FA81E31E366EDC455F0491C70BE;8870.
 ) 
Here is how much of TeX's memory you used:
 42608 strings out of 474116
 900849 string characters out of 5747717
 1986190 words of memory out of 5000000
 63557 multiletter control sequences out of 15000+600000
 675864 words of font info for 467 fonts, out of 8000000 for 9000
 1141 hyphenation exceptions out of 8191
 116i,17n,121p,1659b,621s stack positions out of 10000i,1000n,20000p,200000b,200000s
<c:/Windows/Fonts/simhei.ttf><c:/Windows/Fonts/simsun.ttc><c:/Windows/Fonts/simsun.ttc><c:/Windows/Fonts/simhei.ttf><c:/Windows/Fonts/simhei.ttf><c:/Windows/Fonts/simhei.ttf><c:/Windows/Fonts/simhei.ttf><c:/Windows/Fonts/simsun.ttc><c:/Windows/Fonts/simhei.ttf><c:/Windows/Fonts/simhei.ttf><c:/Windows/Fonts/simhei.ttf><c:/Windows/Fonts/simsun.ttc><c:/Windows/Fonts/simsun.ttc

pdfTeX warning: pdflatex.exe (file c:/Windows/Fonts/simsun.ttc): subfont unisong20: wrong mapping: character 11 --> 0x200B --> .notdef
><c:/Windows/Fonts/simhei.ttf><c:/Windows/Fonts/simhei.ttf><c:/Windows/Fonts/simsun.ttc><c:/Windows/Fonts/simhei.ttf><c:/Windows/Fonts/simsun.ttc><c:/Windows/Fonts/simsun.ttc><c:/Windows/Fonts/simsun.ttc><c:/Windows/Fonts/simsun.ttc><c:/Windows/Fonts/simsun.ttc><c:/Windows/Fonts/simhei.ttf><c:/Windows/Fonts/simhei.ttf><c:/Windows/Fonts/simhei.ttf><c:/Windows/Fonts/simhei.ttf><c:/Windows/Fonts/simhei.ttf><c:/Windows/Fonts/simhei.ttf><c:/Windows/Fonts/simsun.ttc><c:/Windows/Fonts/simhei.ttf><c:/Windows/Fonts/simsun.ttc><c:/Windows/Fonts/simhei.ttf><c:/Windows/Fonts/simhei.ttf><c:/Windows/Fonts/simhei.ttf><c:/Windows/Fonts/simhei.ttf><c:/Windows/Fonts/simhei.ttf><c:/Windows/Fonts/simhei.ttf><c:/Windows/Fonts/simhei.ttf><c:/Windows/Fonts/simhei.ttf><c:/Windows/Fonts/simhei.ttf><c:/Windows/Fonts/simhei.ttf><c:/Windows/Fonts/simsun.ttc><c:/Windows/Fonts/simsun.ttc><c:/Windows/Fonts/simsun.ttc><c:/Windows/Fonts/simsun.ttc><c:/Windows/Fonts/simhei.ttf><c:/Windows/Fonts/simhei.ttf><c:/Windows/Fonts/simhei.ttf><c:/Windows/Fonts/simhei.ttf><c:/Windows/Fonts/simsun.ttc><c:/Windows/Fonts/simhei.ttf><c:/Windows/Fonts/simhei.ttf><c:/Windows/Fonts/simhei.ttf><c:/Windows/Fonts/simhei.ttf><c:/Windows/Fonts/simhei.ttf><c:/Windows/Fonts/simhei.ttf><c:/Windows/Fonts/simhei.ttf><c:/Windows/Fonts/simhei.ttf><c:/Windows/Fonts/simhei.ttf><c:/Windows/Fonts/simsun.ttc><c:/Windows/Fonts/simsun.ttc><c:/Windows/Fonts/simsun.ttc><c:/Windows/Fonts/simsun.ttc><c:/Windows/Fonts/simsun.ttc><c:/Windows/Fonts/simsun.ttc><c:/Windows/Fonts/simsun.ttc><c:/Windows/Fonts/simsun.ttc><c:/Windows/Fonts/simsun.ttc><c:/Windows/Fonts/simhei.ttf><c:/Windows/Fonts/simhei.ttf><c:/Windows/Fonts/simhei.ttf><c:/Windows/Fonts/simsun.ttc><c:/Windows/Fonts/simsun.ttc><c:/Windows/Fonts/simsun.ttc><c:/Windows/Fonts/simsun.ttc><c:/Windows/Fonts/simsun.ttc><c:/Windows/Fonts/simsun.ttc><c:/Windows/Fonts/simsun.ttc><c:/Windows/Fonts/simsun.ttc><c:/Windows/Fonts/simsun.ttc><c:/Windows/Fonts/simsun.ttc><c:/Windows/Fonts/simsun.ttc><c:/Windows/Fonts/simsun.ttc><c:/Windows/Fonts/simsun.ttc><c:/Windows/Fonts/simsun.ttc><c:/Windows/Fonts/simsun.ttc><c:/Windows/Fonts/simsun.ttc><c:/Windows/Fonts/simsun.ttc><c:/Windows/Fonts/simsun.ttc><c:/Windows/Fonts/simsun.ttc><c:/Windows/Fonts/simsun.ttc><c:/Windows/Fonts/simsun.ttc><c:/Windows/Fonts/simsun.ttc><c:/Windows/Fonts/simsun.ttc><c:/Windows/Fonts/simsun.ttc><c:/Windows/Fonts/simsun.ttc><c:/Windows/Fonts/simsun.ttc><c:/Windows/Fonts/simsun.ttc><c:/Windows/Fonts/simsun.ttc><c:/Windows/Fonts/simsun.ttc><c:/Windows/Fonts/simsun.ttc><c:/Windows/Fonts/simsun.ttc><c:/Windows/Fonts/simsun.ttc><c:/Windows/Fonts/simsun.ttc><c:/Windows/Fonts/simsun.ttc><c:/Windows/Fonts/simsun.ttc><c:/Windows/Fonts/simsun.ttc><c:/Windows/Fonts/simsun.ttc><c:/Windows/Fonts/simsun.ttc><c:/Windows/Fonts/simsun.ttc><c:/Windows/Fonts/simsun.ttc><c:/Windows/Fonts/simsun.ttc><c:/Windows/Fonts/simsun.ttc><c:/Windows/Fonts/simsun.ttc><c:/Windows/Fonts/simsun.ttc><c:/Windows/Fonts/simsun.ttc><c:/Windows/Fonts/simsun.ttc><c:/Windows/Fonts/simsun.ttc><c:/Windows/Fonts/simsun.ttc><c:/Windows/Fonts/simsun.ttc><c:/Windows/Fonts/simsun.ttc><c:/Windows/Fonts/simsun.ttc><c:/Windows/Fonts/simsun.ttc><c:/Windows/Fonts/simsun.ttc><c:/Windows/Fonts/simsun.ttc><c:/Windows/Fonts/simhei.ttf><c:/Windows/Fonts/simhei.ttf><c:/Windows/Fonts/simhei.ttf><c:/Windows/Fonts/simhei.ttf><c:/Windows/Fonts/simhei.ttf><c:/Windows/Fonts/simhei.ttf><c:/Windows/Fonts/simhei.ttf><c:/Windows/Fonts/simhei.ttf><c:/Windows/Fonts/simhei.ttf><c:/Windows/Fonts/simhei.ttf><c:/Windows/Fonts/simhei.ttf><c:/Windows/Fonts/simhei.ttf><c:/Windows/Fonts/simhei.ttf><c:/Windows/Fonts/simhei.ttf><c:/Windows/Fonts/simhei.ttf><c:/Windows/Fonts/simhei.ttf><c:/Windows/Fonts/simhei.ttf><c:/Windows/Fonts/simhei.ttf><c:/Windows/Fonts/simhei.ttf><c:/Windows/Fonts/simhei.ttf><c:/Windows/Fonts/simhei.ttf><c:/texlive/2024/texmf-dist/fonts/type1/public/amsfonts/cm/cmbx10.pfb><c:/texlive/2024/texmf-dist/fonts/type1/public/amsfonts/cm/cmbx12.pfb><c:/texlive/2024/texmf-dist/fonts/type1/public/amsfonts/cm/cmex10.pfb><c:/texlive/2024/texmf-dist/fonts/type1/public/amsfonts/cm/cmmi10.pfb><c:/texlive/2024/texmf-dist/fonts/type1/public/amsfonts/cm/cmmi5.pfb><c:/texlive/2024/texmf-dist/fonts/type1/public/amsfonts/cm/cmmi7.pfb><c:/texlive/2024/texmf-dist/fonts/type1/public/amsfonts/cm/cmmi9.pfb><c:/texlive/2024/texmf-dist/fonts/type1/public/amsfonts/cm/cmr10.pfb><c:/texlive/2024/texmf-dist/fonts/type1/public/amsfonts/cm/cmr12.pfb><c:/texlive/2024/texmf-dist/fonts/type1/public/amsfonts/cm/cmr5.pfb><c:/texlive/2024/texmf-dist/fonts/type1/public/amsfonts/cm/cmr6.pfb><c:/texlive/2024/texmf-dist/fonts/type1/public/amsfonts/cm/cmr7.pfb><c:/texlive/2024/texmf-dist/fonts/type1/public/amsfonts/cm/cmr9.pfb><c:/texlive/2024/texmf-dist/fonts/type1/public/amsfonts/cm/cmsy10.pfb><c:/texlive/2024/texmf-dist/fonts/type1/public/amsfonts/cm/cmsy7.pfb><c:/texlive/2024/texmf-dist/fonts/type1/public/amsfonts/cm/cmsy9.pfb><c:/texlive/2024/texmf-dist/fonts/type1/public/cm-super/sfbx1000.pfb><c:/texlive/2024/texmf-dist/fonts/type1/public/cm-super/sfrm1000.pfb>
Output written on Êï∞Â≠¶Âª∫Ê®°.pdf (110 pages, 6618484 bytes).
PDF statistics:
 1840 PDF objects out of 2073 (max. 8388607)
 1298 compressed objects within 13 object streams
 241 named destinations out of 1000 (max. 500000)
 1438 words of extra memory for PDF output out of 10000 (max. 10000000)

